ticker,window,method,regime,reproduces,best_calmar,best_R,best_mdd,n_losing_trials,median_mdd_losers,mdd_percentile_of_best,corr_calmar_mdd_losers,least_loss_R,least_loss_mdd,picked_least_loss
AAPL,1,rules,crisis,True,-1.9186942801145233,-0.15780503072692165,0.08224605262152684,39,0.0600469387182907,0.9743589743589743,0.9877618191574452,-0.03364868762780726,0.016834776421353892,False
AAPL,1,hmm,crisis,True,-1.8586711001410323,-0.2728236273565985,0.1467842413517363,60,0.12117670702643696,0.9833333333333333,0.9954155355689146,-0.02515275202001055,0.012556654261038691,False
AAPL,7,hmm,trend,True,-0.934109695642993,-0.09441304969318698,0.1010727649370965,60,0.10477699676928576,0.36666666666666664,0.19828298547772208,-0.08986040778974502,0.05954020507330826,False
MSFT,0,rules,mean_reversion,True,-0.21671960510165023,-0.01012939215579034,0.046739620769608026,17,0.0982182696577738,0.0,-0.7689978578733601,-0.01012939215579034,0.046739620769608026,True
MSFT,1,rules,mean_reversion,True,-0.10762158763843963,-0.005815295085677574,0.05403465246409822,32,0.05138178927418546,0.65625,0.21988516822666887,-0.005815295085677574,0.05403465246409822,True
MSFT,2,none,global,True,-0.4953381142320282,-0.06039204382400487,0.12192084979698492,31,0.10626636720805871,0.7741935483870968,0.17763721334977514,-0.04523006839392618,0.059422964795443955,False
MSFT,2,rules,mean_reversion,True,-0.15754104642654201,-0.013213272379359875,0.08387193483268462,19,0.0668503530111274,0.631578947368421,-0.04560937379753306,-0.013213272379359875,0.08387193483268462,True
MSFT,6,kmeans,trend,True,-1.5262934487420057,-0.03226914773757472,0.021142164872797853,19,0.04575458181344905,0.05263157894736842,-0.413156067166816,-0.03226914773757472,0.021142164872797853,True
MSFT,7,hmm,trend,True,-0.5451367313674238,-0.005451367313674238,0.007191906876574006,37,0.013475514615942208,0.02702702702702703,-0.7059761704753986,-0.005451367313674238,0.007191906876574006,True
JPM,3,rules,crisis,True,-0.3760664751722874,-0.003984726271194394,0.010595802961082534,3,0.013634473148599113,0.0,-0.9574462700264113,-0.003984726271194394,0.010595802961082534,True
JPM,6,kmeans,mean_reversion,True,-0.6358271710660346,-0.008392563739588299,0.013199441800383016,46,0.016877229587694165,0.15217391304347827,-0.3751957419199922,-0.008392563739588299,0.013199441800383016,True
JPM,6,hmm,mean_reversion,True,-0.7099723890698321,-0.020452758686966943,0.028807822672883177,45,0.03741843010235768,0.1111111111111111,0.030825841412362855,-0.020452758686966943,0.028807822672883177,True
JPM,7,kmeans,mean_reversion,True,-0.38159387884576673,-0.018484899674065747,0.04844128980784046,29,0.05677448493921078,0.2413793103448276,-0.14599519906028724,-0.018484899674065747,0.04844128980784046,True
XOM,1,rules,crisis,True,-1.7649649435817372,-0.01764964943581737,0.009343379508855332,1,0.009343379508855332,0.0,,-0.01764964943581737,0.009343379508855332,True
XOM,6,rules,crisis,True,-0.18740107591114585,-0.00956486673881507,0.05103955082600564,10,0.05771091276206414,0.0,-0.5051381240407037,-0.00956486673881507,0.05103955082600564,True
XOM,6,hmm,mean_reversion,True,-1.3398843564567977,-0.02952388036393283,0.022034648155760284,4,0.03670021384459149,0.0,-0.6660883221249398,-0.02952388036393283,0.022034648155760284,True
XOM,7,hmm,mean_reversion,True,-1.5502756645960432,-0.06478401861888061,0.04178870900083531,11,0.039111705083483606,0.6363636363636364,-0.3005931177056946,-0.03111759346276255,0.01966660937915299,False
JNJ,0,rules,mean_reversion,True,-0.43116553545965003,-0.010003409256489015,0.023200855434386103,9,0.023200855434386103,0.4444444444444444,-0.8169039216210247,-0.009497530833856183,0.02082348796681399,False
JNJ,2,hmm,crisis,True,-0.13353963379677916,-0.00434038314204277,0.03250258382951665,50,0.038371063988848486,0.22,-0.31979070748948885,-0.00434038314204277,0.03250258382951665,True
JNJ,3,hmm,crisis,True,-0.29894952377260753,-0.011126531030862252,0.0372187615168289,15,0.04421510070729806,0.0,-0.2693323071493193,-0.011126531030862252,0.0372187615168289,True
JNJ,6,none,global,True,-1.64332424947928,-0.10517668713976103,0.06400239464189028,13,0.07945556338369186,0.07692307692307693,-0.700722230853338,-0.10311782731382302,0.06123942364708612,False
JNJ,6,rules,mean_reversion,True,-0.3689687319984116,-0.021476748539627333,0.05820750290493393,67,0.054742942179655696,0.6865671641791045,0.19469907701623976,-0.021476748539627333,0.05820750290493393,True
JNJ,6,hmm,trend,True,-1.4873622435726295,-0.04468359623987461,0.03004217461682035,30,0.050397487924467244,0.0,-0.7552045311541289,-0.04468359623987461,0.03004217461682035,True
JNJ,7,kmeans,mean_reversion,True,-1.2215664221801616,-0.03881731000962141,0.03177666748595065,20,0.07100514523789386,0.25,-0.006970513832270229,-0.036385452687974884,0.026346879356978103,False
JNJ,7,hmm,trend,True,-0.9126739189203814,-0.009126739189203814,0.009124565292241482,78,0.020067279518641234,0.0,-0.28152275857637404,-0.009126739189203814,0.009124565292241482,True
WMT,0,rules,mean_reversion,True,-1.1555054392251747,-0.029492446055026544,0.025523416034114677,7,0.025523416034114677,0.42857142857142855,-0.551037700472243,-0.025945229127981806,0.020707866422294385,False
WMT,3,rules,crisis,True,-1.7260683764059537,-0.017260683764059537,0.008462405165893139,32,0.012931384854182215,0.0,-0.5251394580870317,-0.017260683764059537,0.008462405165893139,True
WMT,3,hmm,mean_reversion,True,-1.0305393338462097,-0.05483923828823234,0.05321411467484671,3,0.05321411467484671,0.3333333333333333,-0.07442702902247442,-0.05415309561465831,0.05168622425085878,False
WMT,5,rules,trend,True,-0.18342024474882995,-0.010260627124071608,0.05594053774228791,63,0.05377767727548055,0.5873015873015873,0.059467769092251946,-0.00820169361055234,0.041264986982507246,False
WMT,5,hmm,mean_reversion,True,-1.0824691837137908,-0.09411152920717092,0.08694153202984334,1,0.08694153202984334,0.0,,-0.09411152920717092,0.08694153202984334,True
WMT,5,hmm,crisis,True,-1.0778771562288305,-0.11604461663120724,0.10766033583753887,32,0.11878743347013176,0.15625,0.10732611018489194,-0.11604461663120724,0.10766033583753887,True
WMT,6,none,global,True,-0.9650366312054152,-0.013529033443874239,0.014019191610348813,28,0.03697509773985541,0.0,-0.0748550242402633,-0.013529033443874239,0.014019191610348813,True
WMT,7,hmm,crisis,True,-1.5880468745242347,-0.13054929135997828,0.082207454612503,44,0.07026217116120348,0.7045454545454546,0.333346047594111,-0.10491220448071281,0.0530766266935887,False
AAPL,11,kmeans,crisis,True,-1.823288402102427,-0.3221962069636324,0.17671159789757296,55,0.14731369602921596,0.9818181818181818,1.0,-0.09672098019242725,0.0495900780149795,False
AAPL,12,kmeans,crisis,True,-1.3705055707436176,-0.07957450338051386,0.058062152448849824,68,0.06634345648871276,0.14705882352941177,0.2668485875867194,-0.07791249502976882,0.056045017539192665,False
AAPL,14,hmm,mean_reversion,True,-0.48324017316799384,-0.017654339033181143,0.03653326029879511,58,0.057314167656147885,0.1206896551724138,-0.27448135677820634,-0.017654339033181143,0.03653326029879511,True
MSFT,8,kmeans,mean_reversion,True,-0.49726788488462126,-0.02031044028022,0.04084406191832102,3,0.048627816326280104,0.0,-0.9463619295009134,-0.02031044028022,0.04084406191832102,True
MSFT,8,hmm,trend,True,-1.7158059853410894,-0.035741876501165115,0.020830954552277015,32,0.02911207229657714,0.0625,-0.9222506486879851,-0.031921256804853915,0.018522443800337962,False
MSFT,9,hmm,trend,True,-0.5745397025204593,-0.017263596135740022,0.030047699158136543,29,0.030094062328000937,0.4482758620689655,-0.07316064022732527,-0.017263596135740022,0.030047699158136543,True
MSFT,11,kmeans,mean_reversion,True,-0.3958887891286909,-0.013321833518494142,0.033650443973960664,48,0.04233426189087447,0.041666666666666664,-0.6496665623743283,-0.013321833518494142,0.033650443973960664,True
MSFT,13,rules,mean_reversion,True,-1.194175795084322,-0.05288830353351903,0.044288540892578165,64,0.03267536963791956,0.8125,-0.038807814842657044,-0.01562082915748475,0.007841156445947295,False
MSFT,14,rules,mean_reversion,True,-0.1781018660374242,-0.0030280672063714986,0.017001883662101647,22,0.017105696015105865,0.45454545454545453,-0.10490641410145751,-0.0030280672063714986,0.017001883662101647,True
MSFT,15,hmm,mean_reversion,True,-0.5486790910786942,-0.022309098944804928,0.04065964843119063,40,0.04120057709298758,0.425,-0.47354551561533254,-0.015623159003648857,0.019926972238003327,False
JPM,8,rules,mean_reversion,True,-0.13902558848436936,-0.005235437128462861,0.03765808284315575,77,0.069367009042279,0.0,-0.5650775646888482,-0.005235437128462861,0.03765808284315575,True
JPM,8,kmeans,mean_reversion,True,-0.7169694442345135,-0.03447930223098461,0.0480903370544572,44,0.06189539899849633,0.045454545454545456,-0.3595046470835343,-0.03447930223098461,0.0480903370544572,True
JPM,9,none,global,True,-1.0201887515484975,-0.09543335599876468,0.0935448032081424,43,0.11696035226125168,0.11627906976744186,-0.7934205651865915,-0.08540173090193481,0.08346739804235825,False
JPM,9,kmeans,trend,True,-0.6151927052174541,-0.02057333662449401,0.033442101068512975,89,0.07749352341417626,0.02247191011235955,-0.5149707449837443,-0.01964435182978974,0.022034804691232313,False
JPM,9,kmeans,crisis,True,-0.016233406275152983,-0.0008867690120387683,0.054626182392543576,60,0.05893255637841699,0.31666666666666665,-0.12434457710981225,-0.0008867690120387683,0.054626182392543576,True
JPM,10,kmeans,trend,True,-1.570576004322238,-0.108898733490146,0.06933681222077492,61,0.048679041684718705,0.819672131147541,-0.1825615284114296,-0.044454508755539135,0.024372186596586354,False
XOM,12,none,global,True,-0.5646769937356102,-0.01345406794714632,0.023826130861364092,39,0.04083330447340894,0.0,-0.45926668486887035,-0.01345406794714632,0.023826130861364092,True
XOM,12,kmeans,crisis,True,-1.7358635814617949,-0.04368470250046652,0.025165976731696293,2,0.023822171534503334,0.5,1.0,-0.042753491845483715,0.022478366337310374,False
XOM,13,hmm,trend,True,-0.020360784344810177,-0.00043243881458610023,0.02123880923557475,35,0.027443252571515253,0.22857142857142856,-0.5268220100933234,-0.00043243881458610023,0.02123880923557475,True
XOM,14,kmeans,mean_reversion,True,-1.2949136907587993,-0.097059805400312,0.07495465226214149,25,0.07495465226214149,0.48,0.01753772437579456,-0.04847587034758827,0.035746412923899906,False
JNJ,8,kmeans,mean_reversion,True,-0.538544789010364,-0.010608674509573257,0.01969877849726831,50,0.018921198971727893,0.54,0.20093596814807474,-0.010608674509573257,0.01969877849726831,True
JNJ,9,rules,mean_reversion,True,-1.155918244328717,-0.08652692736619316,0.07485557719217628,64,0.06011106517920417,0.796875,-0.043832670713256666,-0.024423580712827686,0.012500452053785915,False
JNJ,9,kmeans,mean_reversion,True,-1.1928579816976688,-0.09119013893298211,0.07644676929872307,22,0.06944579770710874,0.7727272727272727,0.14395980701236455,-0.09119013893298211,0.07644676929872307,True
JNJ,9,hmm,trend,True,-1.0885408180158755,-0.03836281588561663,0.035242422930489625,34,0.03794146707567847,0.23529411764705882,-0.4107843775526719,-0.03836281588561663,0.035242422930489625,True
JNJ,11,kmeans,mean_reversion,True,-1.3042995940200304,-0.12129731730130355,0.09299804880522011,60,0.11129607056919055,0.05,-0.41604972124946055,-0.09972030204652538,0.053823605186636536,False
JNJ,12,kmeans,crisis,True,-1.3562412657310288,-0.048574846338952815,0.03581578555845699,4,0.037517697112249115,0.0,-0.508954359758972,-0.048574846338952815,0.03581578555845699,True
JNJ,13,kmeans,mean_reversion,True,-0.8200086453052815,-0.021655636090925023,0.02640903387410365,7,0.025476703877777895,0.5714285714285714,-0.18269992334471363,-0.019791297151319664,0.01860796267148257,False
WMT,15,none,global,True,-1.115389660849396,-0.15402876120709386,0.13809412675548494,69,0.22539826658444184,0.057971014492753624,-0.08864543029689445,-0.12539676559089163,0.07566852695302251,False
AAPL,17,hmm,mean_reversion,True,-0.1882777756431929,-0.009372442630715794,0.04977986700075321,72,0.06009122261063138,0.1111111111111111,-0.5547194429784085,-0.009372442630715794,0.04977986700075321,True
AAPL,18,hmm,mean_reversion,True,-0.019911616408019195,-0.0016373522518751127,0.08223100617866896,67,0.07078910436460384,0.7164179104477612,0.24719372652981822,-0.0016373522518751127,0.08223100617866896,True
AAPL,23,rules,mean_reversion,True,-1.6099235536015908,-0.4105266035096623,0.2549975758732552,15,0.27089636960870844,0.13333333333333333,0.6951878273205395,-0.28013242913134373,0.15265582770516373,False
MSFT,23,kmeans,crisis,True,-0.5931393330560019,-0.03090542450004241,0.05210483064882909,2,0.07841828661810096,0.0,-0.9999999999999998,-0.03090542450004241,0.05210483064882909,True
JPM,20,hmm,crisis,True,-0.43307875203787477,-0.023347380288435637,0.053910241909983614,56,0.0625286571548207,0.30357142857142855,0.11534187748488696,-0.023347380288435637,0.053910241909983614,True
JPM,21,rules,trend,True,-1.4519363786363442,-0.23643827771459025,0.16284341462444285,16,0.1662752229626132,0.4375,-0.22341553025096877,-0.15404365368469375,0.10237150792052152,False
JPM,22,rules,trend,True,-0.1582379428277273,-0.005534664640196918,0.03497684904955112,57,0.06524401849075201,0.017543859649122806,-0.38598424301177403,-0.005534664640196918,0.03497684904955112,True
JPM,22,hmm,crisis,True,-0.3891160857617725,-0.05340656082100337,0.1372509715614798,77,0.19333372439157492,0.03896103896103896,-0.1186224762920003,-0.05340656082100337,0.1372509715614798,True
XOM,19,hmm,crisis,True,-1.5817133774731065,-0.2306041636850844,0.1457939010754844,8,0.13334735845007734,0.875,0.12373901941014968,-0.1680552305947557,0.10251832948051409,False
XOM,20,hmm,crisis,True,-0.15510414722228744,-0.0044966488716677855,0.02899115821334819,31,0.04210407007402528,0.03225806451612903,-0.5273887637153398,-0.0044966488716677855,0.02899115821334819,True
XOM,22,rules,trend,True,-0.9795090995417075,-0.09344647276475138,0.0954013319615643,4,0.09495214548878678,0.5,-0.6284736324495114,-0.09344647276475138,0.0954013319615643,True
JNJ,19,hmm,crisis,True,-0.031166112677216695,-0.00031166112677216695,0.008181643080284573,33,0.026954750075017797,0.030303030303030304,-0.49173912208832915,-0.00031166112677216695,0.008181643080284573,True
JNJ,20,rules,trend,True,-0.5976132637811981,-0.034351965997775125,0.057481933684711994,43,0.06019818844371261,0.46511627906976744,-0.2523461790017764,-0.033686531997755065,0.032629873555910405,False
WMT,22,hmm,mean_reversion,True,-0.6882457058945837,-0.03227528482406139,0.04689500355415932,44,0.06852775143531092,0.06818181818181818,-0.5866221832954167,-0.03227528482406139,0.04689500355415932,True
AAPL,24,rules,mean_reversion,True,-0.6949458078157823,-0.015013889529470692,0.02160440333708813,41,0.04319241308700439,0.0,0.21371955913119262,-0.015013889529470692,0.02160440333708813,True
AAPL,25,rules,mean_reversion,True,-1.3062307871519343,-0.29810462216298983,0.22821742152699376,45,0.2034522803152754,0.5777777777777777,0.7245050152666955,-0.19772075618477858,0.10273216570526567,False
AAPL,27,none,global,True,-0.12373616112260787,-0.008378841132846815,0.06771537969845676,57,0.12795123903039463,0.10526315789473684,-0.6084867249710214,-0.008378841132846815,0.06771537969845676,True
AAPL,27,rules,mean_reversion,True,-0.2947266775775439,-0.012720062125690546,0.04315884205067877,41,0.062334606301381434,0.024390243902439025,-0.23527786584651214,-0.012720062125690546,0.04315884205067877,True
AAPL,28,none,global,True,-0.026706489725495854,-0.0013684389981977185,0.05123994251072661,45,0.11360439129185063,0.0,-0.25562671266186443,-0.0013684389981977185,0.05123994251072661,True
AAPL,28,kmeans,trend,True,-0.5389707380786674,-0.024242304118891167,0.04497888736095501,59,0.047089904023121965,0.423728813559322,-0.2539255991487367,-0.017939844764670698,0.021337473177755917,False
MSFT,26,kmeans,mean_reversion,True,-0.29959930967288373,-0.02487279583888391,0.08302020410541389,49,0.1294386997340733,0.14285714285714285,-0.33561356322965025,-0.02487279583888391,0.08302020410541389,True
MSFT,27,rules,mean_reversion,True,-0.15263501911499855,-0.006446876757689846,0.04223720608199766,43,0.1048053615664497,0.0,-0.026344733632595,-0.006446876757689846,0.04223720608199766,True
MSFT,27,kmeans,mean_reversion,True,-0.7764698385678629,-0.03663940276501987,0.047187155179908014,28,0.08825605747849408,0.03571428571428571,-0.24209708988845774,-0.03663940276501987,0.047187155179908014,True
MSFT,28,none,global,True,-1.8914104146408834,-0.0909135515091617,0.04806653849710518,6,0.0650163798751478,0.0,-0.16790876467058097,-0.0909135515091617,0.04806653849710518,True
MSFT,28,rules,mean_reversion,True,-0.4442169361791675,-0.02647523567777621,0.05959978902537355,3,0.053137253580220034,0.6666666666666666,0.9771395080129591,-0.024634773018993195,0.053137253580220034,False
MSFT,29,rules,trend,True,-0.09087393366494838,-0.007512420697629918,0.08266859807486893,49,0.056203950500840705,0.7551020408163265,0.5154960526146773,-0.007512420697629918,0.08266859807486893,True
MSFT,30,kmeans,mean_reversion,True,-0.4759498547073289,-0.0080295680465986,0.016870617707271163,4,0.020861275518572753,0.0,-0.8190638524534497,-0.0080295680465986,0.016870617707271163,True
MSFT,31,hmm,crisis,True,-0.5869138211403522,-0.022368658685597675,0.03811233929052171,35,0.04291501933498443,0.17142857142857143,0.14980385393970444,-0.022368658685597675,0.03811233929052171,True
XOM,26,rules,mean_reversion,True,-1.8760774946781515,-0.3243192628045368,0.17287093082483518,12,0.11169305238329325,0.9166666666666666,0.9999996981611811,-0.16062757129684369,0.08127736152135256,False
XOM,31,hmm,trend,True,-1.3496876248881555,-0.1495411708001252,0.11079687480465505,15,0.0827888526133499,0.9333333333333333,0.7981376338161807,-0.11898653516984847,0.07544117510337789,False
XOM,31,hmm,crisis,True,-0.38195682006560333,-0.028011204509769128,0.07333605014555844,37,0.08789018043484242,0.24324324324324326,-0.6909667082340144,-0.021750814841868915,0.052230248994014405,False
WMT,26,kmeans,mean_reversion,True,-0.39338443077906404,-0.01178345316270435,0.029954040477321975,65,0.042580784662637816,0.13846153846153847,-0.06036571769216286,-0.01178345316270435,0.029954040477321975,True
WMT,28,rules,mean_reversion,True,-0.9755511239629423,-0.03496723503239807,0.035843570032856986,37,0.035843570032856986,0.4864864864864865,-0.16332043088063936,-0.026303967092319303,0.024154834386937107,False
WMT,29,hmm,mean_reversion,True,-1.138152634845857,-0.02686093368787623,0.023600466989661784,27,0.06137563534565749,0.0,-0.4445598737078744,-0.02686093368787623,0.023600466989661784,True
WMT,31,kmeans,mean_reversion,True,-0.25346430829280153,-0.003984400970571622,0.01571977134535585,49,0.013844781069155543,0.5918367346938775,-0.5588529175174037,-0.00320711276964758,0.009441491252746292,False
WMT,31,hmm,mean_reversion,True,-0.4093639362849892,-0.008766358336027569,0.021414583843371693,32,0.05170665021155979,0.0625,-0.8240067465258278,-0.0078381537640283,0.018205313450648908,False
AAPL,32,hmm,mean_reversion,True,-1.4705758969135336,-0.03158440050717903,0.02147757254383731,32,0.02986386080778597,0.0,-0.046804784916536855,-0.03158440050717903,0.02147757254383731,True
AAPL,37,kmeans,trend,True,-0.7399950907356125,-0.01573713741682914,0.021266542999880178,32,0.02482933393021569,0.3125,-0.06457809035915724,-0.01573713741682914,0.021266542999880178,True
MSFT,34,rules,trend,True,-1.1648864063313764,-0.06295356136057839,0.05404266117143608,1,0.05404266117143608,0.0,,-0.06295356136057839,0.05404266117143608,True
JPM,32,hmm,mean_reversion,True,-0.31460192809102994,-0.00987551061013181,0.031390496142395974,22,0.07561934898106387,0.0,-0.21228497640547958,-0.00987551061013181,0.031390496142395974,True
JPM,33,none,global,True,-0.11542835259960581,-0.004559764133442501,0.03950298198623059,45,0.08764965328740171,0.0,-0.7752649588463187,-0.004559764133442501,0.03950298198623059,True
JPM,34,rules,mean_reversion,True,-1.1668045734224186,-0.032932793535698224,0.02822477241334531,13,0.03154517050452221,0.07692307692307693,-0.34966602594461316,-0.032932793535698224,0.02822477241334531,True
JPM,36,none,global,True,-0.7498957696561054,-0.05778890792893299,0.07706258691849188,11,0.07706258691849188,0.45454545454545453,0.09938932998748873,-0.055245862491153264,0.0659613259169669,False
JPM,36,rules,trend,True,-0.9928384452732133,-0.016559093579813444,0.01667853784132689,8,0.01672469670808202,0.375,-0.7225549126078297,-0.016559093579813444,0.01667853784132689,True
JPM,36,kmeans,mean_reversion,True,-0.1699610056440029,-0.0029242676779113186,0.01720552115369589,47,0.016644200134156795,0.5531914893617021,-0.4167517741457816,-0.0029242676779113186,0.01720552115369589,True
JPM,38,rules,mean_reversion,True,-0.1402507530119628,-0.005899361522749724,0.04206295792398729,60,0.02886401187478993,0.8833333333333333,-0.243940339559275,-0.005899361522749724,0.04206295792398729,True
XOM,36,none,global,True,-1.1896121217907885,-0.0704652826451192,0.05923383038417929,4,0.06613510503011627,0.25,-0.27889122514312487,-0.0704652826451192,0.05923383038417929,True
XOM,36,rules,trend,True,-1.357934388139182,-0.15733552289983033,0.11586386225584278,42,0.11627504433220348,0.47619047619047616,0.26704184504358414,-0.10549177481927152,0.07349605194123487,False
JNJ,32,hmm,crisis,True,-1.8974247262492925,-0.14180483316094084,0.07473541964494768,5,0.05944283943029316,0.8,0.9999999973082028,-0.10269022708292352,0.05354989034604607,False
JNJ,34,kmeans,trend,True,-0.9861346346316027,-0.014178237336409327,0.014377587844996431,28,0.018030083680071807,0.14285714285714285,-0.5637658932935439,-0.01313851706335678,0.011432830577578379,False
WMT,32,rules,trend,True,-1.6276727765719239,-0.12005779395295257,0.07376039931429512,68,0.07233987200431069,0.5441176470588235,0.6115653938544351,-0.08960073952113679,0.046562143395595834,False
WMT,32,kmeans,trend,True,-0.05734799152803792,-0.0022249056771955766,0.03879657539720116,58,0.07036839170267906,0.017241379310344827,-0.23014800234187835,-0.0022249056771955766,0.03879657539720116,True
WMT,32,hmm,crisis,True,-0.5815343398269704,-0.04429640819766656,0.07617161217142654,31,0.07845868903330344,0.3548387096774194,-0.18240690593868894,-0.0431976297860579,0.05712179820555452,False
WMT,33,kmeans,trend,True,-0.1386341743504186,-0.0019531293703125563,0.014088368755136305,67,0.02788723149065131,0.029850746268656716,-0.584745765005528,-0.0019531293703125563,0.014088368755136305,True
WMT,34,rules,trend,True,-0.2989791185296568,-0.014554964615187127,0.048682211275378307,75,0.04010862612455779,0.5866666666666667,-0.33169903430548436,-0.00766235497626977,0.022725551273704347,False
WMT,34,hmm,mean_reversion,True,-1.797096163002438,-0.15436752827512434,0.08589831276319682,36,0.07983350794784466,0.7222222222222222,0.5524309387762034,-0.08010859577519824,0.04089030646917047,False
WMT,36,none,global,True,-0.6317672028064673,-0.053366386415306555,0.08447159994732201,56,0.1382156838308346,0.017857142857142856,-0.07615560556678076,-0.053366386415306555,0.08447159994732201,True
AAPL,41,rules,trend,True,-1.9728572066271766,-0.1117942948848758,0.056666186741411884,16,0.03519713157451343,0.9375,0.9999999912552823,-0.0412042543091683,0.020491790813586208,False
AAPL,42,none,global,True,-0.8449610044018011,-0.06330298774340481,0.07491823576902323,31,0.08342207761627884,0.2903225806451613,0.1204321150972873,-0.0524756864179301,0.052557136300220186,False
AAPL,46,hmm,crisis,True,-0.41206704972951885,-0.029556795037746664,0.07172812059869327,15,0.07172812059869327,0.4666666666666667,-0.06420987907984071,-0.029556795037746664,0.07172812059869327,True
MSFT,45,hmm,trend,True,-0.45793286745778883,-0.010421080798227789,0.022756787159830538,4,0.029947450953577426,0.0,-0.9846188462702878,-0.010421080798227789,0.022756787159830538,True
JPM,43,hmm,mean_reversion,True,-1.2586003262504033,-0.09513519145027916,0.07558808739046174,36,0.09706505000056681,0.25,-0.06308973844342287,-0.085718594987647,0.06807706895504673,False
JPM,46,none,global,True,-0.12299945280397537,-0.02131203053715569,0.1732693117840186,26,0.2595632974249704,0.038461538461538464,-0.4872328608139573,-0.02131203053715569,0.1732693117840186,True
JPM,47,none,global,True,-0.5492895357704379,-0.07842815674602488,0.14278108654668054,4,0.15689093649486213,0.25,0.07673752836370845,-0.07842815674602488,0.14278108654668054,True
XOM,42,hmm,crisis,True,-1.6573655281331738,-0.24311416243620232,0.14668711175020133,77,0.17672266238452905,0.11688311688311688,0.4970496903525052,-0.14548523471143626,0.07386851694377072,False
XOM,43,hmm,crisis,True,-0.21767469124770922,-0.01979679587870209,0.09094670476033317,82,0.10318695528322042,0.2926829268292683,-0.222822462049988,-0.016581826864187077,0.06898282427117408,False
XOM,45,hmm,mean_reversion,True,-0.7818548686332948,-0.05672509081393151,0.07255194421579625,60,0.07347102445619103,0.48333333333333334,-0.22270734427025837,-0.0430522532487414,0.03167064064346292,False
XOM,46,none,global,True,-0.4390374897084772,-0.03157737762594737,0.07192410298927976,36,0.1150186798886465,0.1111111111111111,-0.07202644118953953,-0.03157737762594737,0.07192410298927976,True
XOM,46,hmm,mean_reversion,True,-0.6919342879730039,-0.08329453065846093,0.12037925003322092,71,0.054384378509680364,0.8732394366197183,-0.2517838455580916,-0.025693378317619864,0.01808343571488391,False
XOM,47,none,global,True,-1.3674477746764067,-0.17029261242391502,0.12453317455886981,30,0.15440112444916432,0.03333333333333333,-0.1751423142377053,-0.17029261242391502,0.12453317455886981,True
XOM,47,hmm,crisis,True,-0.266684074294973,-0.02116884885109449,0.07937800150630714,41,0.10163336608174833,0.17073170731707318,-0.7023721448356061,-0.02116884885109449,0.07937800150630714,True
JNJ,42,hmm,crisis,True,-1.185322004286013,-0.05310356137141081,0.04480095803452,5,0.044217993101360875,0.6,-0.0532855449424636,-0.05134402362463608,0.02777199749295467,False
JNJ,43,none,global,True,-0.4626068066042539,-0.016545928531688237,0.03576672088580568,38,0.06278135437482107,0.10526315789473684,-0.4530929014831811,-0.016545928531688237,0.03576672088580568,True
JNJ,43,hmm,crisis,True,-0.03387255107381407,-0.0015597474064693584,0.046047532796405055,59,0.07176285757098744,0.01694915254237288,-0.4888118038875666,-0.0015597474064693584,0.046047532796405055,True
JNJ,44,hmm,crisis,True,-1.9391877637254515,-0.022550360918549006,0.011628766094948229,7,0.017059510192325766,0.0,0.46587204523930253,-0.022550360918549006,0.011628766094948229,True
JNJ,46,hmm,crisis,True,-1.953947168804841,-0.08998479912922974,0.046052831195159794,10,0.03284782506019274,0.9,1.0,-0.04494849207588425,0.02273263232413425,False
JNJ,47,none,global,True,-0.8519124998228973,-0.04475495271181962,0.052534682518596276,65,0.0895128507816666,0.09230769230769231,-0.17813988076975498,-0.04475495271181962,0.052534682518596276,True
JNJ,47,kmeans,mean_reversion,True,-0.18149186219003183,-0.008947352703775557,0.04929891949870013,55,0.10496430228291564,0.01818181818181818,-0.7636471278280718,-0.008947352703775557,0.04929891949870013,True
JNJ,47,hmm,crisis,True,-1.2934849351826474,-0.029435659876073328,0.02275686331972382,39,0.025855194435477347,0.2564102564102564,0.05923324486304171,-0.02190438559483099,0.015713028619474212,False
JPM,54,rules,mean_reversion,True,-0.4221349061833072,-0.014810631233553306,0.035085066448217295,3,0.035085066448217295,0.3333333333333333,-0.7272355024930568,-0.014810631233553306,0.035085066448217295,True
JPM,54,hmm,trend,True,-1.7667885241737142,-0.05098542054945254,0.028857681523201673,1,0.028857681523201673,0.0,,-0.05098542054945254,0.028857681523201673,True
JPM,55,rules,mean_reversion,True,-1.761693209701346,-0.09319990847744863,0.05290359749598428,1,0.05290359749598428,0.0,,-0.09319990847744863,0.05290359749598428,True
XOM,48,none,global,True,-0.10654232983353061,-0.008661795273717132,0.08129909761923682,21,0.09032626695741608,0.23809523809523808,-0.3094901796962908,-0.008661795273717132,0.08129909761923682,True
XOM,53,hmm,mean_reversion,True,-0.1825140680318647,-0.002646214445338635,0.014498687547069733,57,0.0367177829586105,0.0,-0.2655054296171356,-0.002646214445338635,0.014498687547069733,True
XOM,54,hmm,trend,True,-1.0824713356722142,-0.07696808605730521,0.07110404083772626,1,0.07110404083772626,0.0,,-0.07696808605730521,0.07110404083772626,True
XOM,55,hmm,trend,True,-0.5217364827326093,-0.017671577043647413,0.0338706945527214,51,0.036960798231006176,0.3137254901960784,0.1916296175521879,-0.017671577043647413,0.0338706945527214,True
JNJ,52,none,global,True,-0.008479953893657818,-0.00022317105174129992,0.026317484097196586,55,0.040289524209012995,0.09090909090909091,-0.2437285077321216,-0.00022317105174129992,0.026317484097196586,True
JNJ,55,rules,trend,True,-0.3548014375399974,-0.013439361517526227,0.03787854302594584,84,0.08577484181997097,0.023809523809523808,-0.5479466176064777,-0.013439361517526227,0.03787854302594584,True
JNJ,55,kmeans,trend,True,-1.5222349413356322,-0.08127071731578295,0.05338907622529987,19,0.05921637344429298,0.15789473684210525,0.2258767648777184,-0.08127071731578295,0.05338907622529987,True
WMT,49,none,global,True,-1.006148889766979,-0.10657342365500366,0.10592212021392355,56,0.10046320452601987,0.5714285714285714,-0.3935203079521427,-0.05932479476869024,0.04399313113390191,False
WMT,50,none,global,True,-0.19731136035147792,-0.005907081348242804,0.029937867428009746,4,0.047135603576864304,0.0,-0.14276416833174022,-0.005907081348242804,0.029937867428009746,True
MSFT,59,kmeans,trend,True,-0.4372481174870378,-0.011355052152450251,0.025969356295254653,28,0.043305550649101465,0.14285714285714285,-0.3029386924070589,-0.011355052152450251,0.025969356295254653,True
JPM,58,rules,mean_reversion,True,-1.9460524554342746,-0.07611131051752096,0.03911061611159716,21,0.020993922159143308,0.9523809523809523,0.9878454061036287,-0.028212169338658777,0.014337723399464819,False
XOM,56,rules,trend,True,-0.00033781717526586104,-1.8144005953013576e-05,0.05370954256169569,53,0.07360006619221682,0.24528301886792453,-0.6286650878748637,-1.8144005953013576e-05,0.05370954256169569,True
XOM,56,rules,mean_reversion,True,-0.4340915222209385,-0.03259921022390855,0.07509755098906679,24,0.07091258288903873,0.5416666666666666,-0.11184274349024059,-0.016041622361846364,0.02168344293875013,False
JNJ,56,rules,mean_reversion,True,-1.6750596841792664,-0.16535780333214212,0.09871755907799962,19,0.031527849921668794,0.9473684210526315,-0.12848416861482018,-0.0380518255858715,0.02143905514930855,False
JNJ,56,kmeans,mean_reversion,True,-0.5258245994764426,-0.018386788494130557,0.034967531972521004,83,0.04933894460918786,0.07228915662650602,-0.16610761085859202,-0.018386788494130557,0.034967531972521004,True
JNJ,56,hmm,mean_reversion,True,-1.6082419580036091,-0.05373932699114026,0.033414951477730104,69,0.03341907599026661,0.4782608695652174,-0.38526466829813333,-0.033900810952631755,0.020123135313324436,False
WMT,58,none,global,True,-1.0249207630662376,-0.04779541900840312,0.046633282035788204,11,0.0767312682181912,0.0,-0.20467461944172197,-0.04779541900840312,0.046633282035788204,True
WMT,58,rules,trend,True,-0.15416623574022262,-0.00540260256209768,0.035044006465860145,75,0.050109660630099584,0.14666666666666667,-0.45030843320141983,-0.0043904594796790875,0.022518427339682345,False
WMT,58,hmm,trend,True,-1.0403901947699299,-0.021891532290915006,0.021041655718176067,75,0.04838623493804717,0.12,0.5073367724767195,-0.021891532290915006,0.021041655718176067,True
WMT,59,rules,trend,True,-1.0556143824852025,-0.0586608473504987,0.05557033735405836,71,0.06949804647743674,0.04225352112676056,-0.23754188817191496,-0.04229701917391426,0.021964106844883702,False
