rule,period,n_entries,calmar,total_return,ticker
3 de 6,train,37,0.2739056529106058,0.30446179868139045,AAPL
3 de 6,test,20,-0.021455721936974217,-0.008733153602834887,AAPL
ADX,train,75,0.19868428067004354,0.2525330594446997,AAPL
ADX,test,36,0.7455618249506152,0.20621573845612717,AAPL
RSI,train,5,-0.1721757384743441,-0.11947508710668475,AAPL
RSI,test,0,,0.0,AAPL
OBV,train,79,-0.03454169819461353,-0.07348385859465723,AAPL
OBV,test,37,-0.16898330427222513,-0.13502113443132513,AAPL
SKEW,train,62,0.07554898138516962,0.09357680023242687,AAPL
SKEW,test,34,0.17689066648057689,0.07103483774693253,AAPL
AUTOCORR,train,10,0.028079792240644937,0.020628609568982936,AAPL
AUTOCORR,test,10,-0.36134198020464103,-0.09933994471121699,AAPL
VOLZ,train,124,-0.22845067840672917,-0.591124554843161,AAPL
VOLZ,test,51,0.08685344879519613,0.04921852043118102,AAPL
3 de 6,train,40,-0.1426524851544216,-0.21861738736657899,MSFT
3 de 6,test,23,-0.07269879271108305,-0.033647859427112015,MSFT
ADX,train,81,0.2066101188158554,0.2475627929431614,MSFT
ADX,test,45,-0.008520385949569447,-0.004331680038194841,MSFT
RSI,train,0,,0.0,MSFT
RSI,test,0,,0.0,MSFT
OBV,train,69,-0.17073004897126268,-0.37067664577577053,MSFT
OBV,test,33,-0.21902383015322094,-0.14339056212586931,MSFT
SKEW,train,55,0.028187665539388836,0.026837084475321182,MSFT
SKEW,test,31,0.398426459157506,0.21116640733584946,MSFT
AUTOCORR,train,23,-0.1256222303357808,-0.1184943338474368,MSFT
AUTOCORR,test,16,-0.2736889603236191,-0.09024579449271908,MSFT
VOLZ,train,146,-0.24467120151797372,-0.6826054758095916,MSFT
VOLZ,test,48,0.36868305420363473,0.14546505509723673,MSFT
3 de 6,train,39,-0.07990671623261858,-0.08178172246168869,JPM
3 de 6,test,22,-0.21268390707850962,-0.12026880040560728,JPM
ADX,train,70,-0.19411570970230033,-0.4063799649030515,JPM
ADX,test,36,-0.22028063710256968,-0.14597872909447984,JPM
RSI,train,9,0.004930796095926714,0.00390440803997949,JPM
RSI,test,4,-0.0599976098221091,-0.011232159193016011,JPM
OBV,train,78,-0.21261788622104877,-0.5925576986893395,JPM
OBV,test,37,-0.036957686118618244,-0.0208032015126971,JPM
SKEW,train,60,0.6632706374173988,0.7260653497778531,JPM
SKEW,test,28,-0.3561649598927887,-0.2728717725511257,JPM
AUTOCORR,train,26,0.6986573792539587,0.562962354553552,JPM
AUTOCORR,test,12,0.515667944686376,0.07189549210712909,JPM
VOLZ,train,102,-0.16591432334420905,-0.28726728763267906,JPM
VOLZ,test,49,-0.37038290560503834,-0.22650793061289032,JPM
3 de 6,train,40,0.12281505668321284,0.17555560966384132,XOM
3 de 6,test,18,-0.29833473746832856,-0.21054275318590054,XOM
ADX,train,75,-0.0489401262320435,-0.058197666042359986,XOM
ADX,test,38,-0.13615114401643882,-0.05791716773150757,XOM
RSI,train,2,0.21613711201725347,0.11340746029572557,XOM
RSI,test,3,-0.060455548630746175,-0.007862279975457298,XOM
OBV,train,77,-0.13766489819417344,-0.2535484239498642,XOM
OBV,test,37,-0.35875880783228564,-0.23280941094099472,XOM
SKEW,train,47,0.002914240469668661,0.005270825507112109,XOM
SKEW,test,24,0.041724706097070255,0.022810482821476352,XOM
AUTOCORR,train,9,-0.11369670783122068,-0.08666276651357618,XOM
AUTOCORR,test,2,-0.23757197517507522,-0.017608246434470565,XOM
VOLZ,train,122,-0.04317295056146206,-0.10582759075067072,XOM
VOLZ,test,52,-0.2860253578753933,-0.19943492069140778,XOM
3 de 6,train,39,-0.16471686631924146,-0.2614279149951795,JNJ
3 de 6,test,18,0.48525948082447146,0.11005176225139501,JNJ
ADX,train,54,-0.10597132885132446,-0.14172579709153343,JNJ
ADX,test,32,0.2044713661233638,0.05391926592231022,JNJ
RSI,train,1,-0.09644210221758033,-0.01199646931889542,JNJ
RSI,test,3,-0.2936859116371023,-0.05469368325916879,JNJ
OBV,train,87,-0.05627700610328769,-0.10561912430231513,JNJ
OBV,test,40,0.024446000110123853,0.006901177467323549,JNJ
SKEW,train,68,-0.04992277276701567,-0.04940981445634607,JNJ
SKEW,test,31,0.6168964871485495,0.10589782833669847,JNJ
AUTOCORR,train,29,-0.08917972780026552,-0.10185705154871338,JNJ
AUTOCORR,test,10,0.21034099606973256,0.023858226493678636,JNJ
VOLZ,train,112,0.02151802251842373,0.01956739923261419,JNJ
VOLZ,test,49,-0.1262054751544945,-0.05504580488116395,JNJ
3 de 6,train,39,-0.1008392110170135,-0.1590045124540278,WMT
3 de 6,test,15,0.5708767737557819,0.156822651069761,WMT
ADX,train,75,0.1354712256363909,0.12860833136034566,WMT
ADX,test,32,-0.046519722830850097,-0.01779929016142634,WMT
RSI,train,2,0.07301239609968342,0.02088233382754412,WMT
RSI,test,2,-0.1271699267721281,-0.01399909132770294,WMT
OBV,train,68,-0.040404365105261755,-0.04093912006333,WMT
OBV,test,32,0.353087035497138,0.1714074281029192,WMT
SKEW,train,54,0.011603972644504393,0.01183832302571175,WMT
SKEW,test,24,-0.0768072280570378,-0.02683025631211866,WMT
AUTOCORR,train,44,0.14370346434200557,0.12078963600595705,WMT
AUTOCORR,test,2,-0.28421355919751123,-0.0569282187308322,WMT
VOLZ,train,120,-0.020228147421338282,-0.037829581433854176,WMT
VOLZ,test,51,-0.021001536134260326,-0.010579336208273338,WMT
