commission,method,annual_return_total,annual_return_test,calmar_total,total_costs
0.0,rp,0.026566237499222822,0.0728197505415571,0.2862638162508555,0.0
0.0,naive,0.0228986449100963,0.07045372588669463,0.22163049016100642,0.0
0.0,ew,0.023622180145311145,0.06996135869139519,0.22635154831535423,0.0
0.00025,rp,0.02368950763924582,0.06999558172169085,0.24252684346262127,22501.24899765929
0.00025,naive,0.020089675352693348,0.06766957261773632,0.18976369495734327,21666.313838856397
0.00025,ew,0.020826848973438894,0.06718199235077349,0.189415841929053,21567.407662697045
0.0005,rp,0.02082190497165204,0.06717981518307314,0.20167694838320024,44504.18418209789
0.0005,naive,0.01728946780741425,0.06489361905671975,0.15680032079721634,42864.181521273735
0.0005,ew,0.018040186943244052,0.06441082213188953,0.15618067859732893,42670.47849580699
0.00075,rp,0.0179967123649154,0.06437242311821145,0.16468322330709098,66035.27173105118
0.00075,naive,0.014497991814266031,0.06212583830259155,0.12192292359427057,63603.87973167212
0.00075,ew,0.015262164094764996,0.06164782108056199,0.1261054151575845,63319.35231871648
0.001,rp,0.015093796432807283,0.061573377820719255,0.12751425842779876,87067.28261378162
0.001,naive,0.011715217029650837,0.0593662035513598,0.09131426833335209,83895.45609786644
0.001,ew,0.012614951087832615,0.058892962340144184,0.09913226171661461,83542.71255547853
0.00125,rp,0.01225330574942296,0.05878265168492036,0.09536873488957007,107643.0981587926
0.00125,naive,0.008941113225880981,0.056614688095721455,0.06445160820401165,103748.73437507382
0.00125,ew,0.009855147225627858,0.05614621915114393,0.0724930775549418,103317.55162306257
0.0015,rp,0.009376190107125426,0.05600021720545034,0.06745234565593064,127720.6468867069
0.0015,naive,0.006175650290700885,0.05387126532467601,0.04143963541220558,123173.31951085644
0.0015,ew,0.007133685096113673,0.053407564850839195,0.048858673074668825,122683.07175081424
0.002,rp,0.0037403598539069716,0.050460113693210795,0.023427664701376128,166623.70429184052
0.002,naive,0.0006705271513522959,0.04840859187162261,0.003961730617797251,160773.76568841853
0.002,ew,0.0016566135299513896,0.047954416746998296,0.00997079333462747,160148.98682664376
0.0025,rp,-0.0018598481657914334,0.04495284923227305,-0.010344212772682592,203825.74507694528
0.0025,naive,-0.004800390996026693,0.042977972215972216,-0.025401745865889468,196769.4432880584
0.0025,ew,-0.0037866407757112253,0.042533306647807745,-0.020380522686399526,196022.93969053795
0.003,rp,-0.007424684269432991,0.03947820735068297,-0.03722791425568656,239401.91350207952
0.003,naive,-0.010237340942656492,0.037579196898342104,-0.04916521045052372,231229.805175748
0.003,ew,-0.009196310432109223,0.03714402469656064,-0.044866602422320136,230373.49175323267
0.004,rp,-0.018449232365280732,0.0286259332620038,-0.07775264067295486,305960.5273939294
0.004,naive,-0.021010274406589313,0.02687634895271973,-0.08505252902664988,295807.26407361426
0.004,ew,-0.01991581746537896,0.02646011335989651,-0.08232011095107995,294763.78292873944
