ticker,period,total_return,annual_return,annual_vol,sharpe,sortino,calmar,max_drawdown,win_rate,n_trades,turnover,total_costs
AAPL,train,0.30446179868139045,0.04541708055065663,0.09472564778179403,0.5161804928508926,0.7752509616612928,0.2739056529106058,0.16581286318132082,0.6111111111111112,36,6.948494496359009,62082.569143482004
AAPL,test,-0.008733153602834887,-0.003207665330017151,0.10324967593002904,0.020358862075166056,0.029393476838680856,-0.021455721936974217,0.14950162662620292,0.45,20,8.13574744479536,30316.500186987047
MSFT,train,-0.21861738736657899,-0.04038595952943014,0.08929838238015952,-0.416913002207652,-0.5573992693354619,-0.1426524851544216,0.28310729732967677,0.375,40,7.934208041485894,53176.65090686325
MSFT,test,-0.033647859427112015,-0.012458368971587586,0.08942396670233518,-0.09554140987957907,-0.13501005252339915,-0.07269879271108305,0.17136968176485667,0.4090909090909091,22,9.803961301368888,32955.17706500606
JPM,train,-0.08178172246168869,-0.01415658221636873,0.09473567574321921,-0.10325855619446332,-0.14873591799362182,-0.07990671623261858,0.1771638591073762,0.4358974358974359,39,8.213902837415702,57602.11391811197
JPM,test,-0.12026880040560728,-0.04585019090550824,0.10103495746076495,-0.4145419812378615,-0.6509959820569672,-0.21268390707850962,0.2155790324492356,0.36363636363636365,22,10.175642013935112,32709.963342650815
XOM,train,0.17555560966384132,0.02739689755763708,0.0961921715729216,0.328999501381469,0.48028999066895867,0.12281505668321284,0.223074420169053,0.5384615384615384,39,7.540191098773934,64855.319017441376
XOM,test,-0.21054275318590054,-0.08294872109450979,0.08835705919083109,-0.9355467087714289,-1.1836328075799893,-0.29833473746832856,0.27803909728519527,0.29411764705882354,17,7.211207652673925,23128.073980816585
JNJ,train,-0.2614279149951795,-0.04937922812835782,0.059258103276895464,-0.8247486539712495,-1.033386701410924,-0.16471686631924146,0.29978246449064194,0.38461538461538464,39,7.970694735893999,49261.737894451726
JNJ,test,0.11005176225139501,0.03898260456912994,0.057569925702727495,0.6929987255761019,1.0679394006402712,0.48525948082447146,0.08033352486570122,0.5,18,7.820686890907021,28125.7815017495
WMT,train,-0.1590045124540278,-0.028523357460334076,0.07383191465997482,-0.3553223258050624,-0.5316514499162919,-0.1008392110170135,0.2828597841322027,0.42105263157894735,38,7.4262916609308265,52491.42356265828
WMT,test,0.156822651069761,0.05480771757954517,0.06878309385403045,0.8103557607244936,1.1195541180703508,0.5708767737557819,0.0960062137735378,0.6428571428571429,14,6.247052720573085,23724.19737346776
