strategy,period,total_return,annual_return,annual_vol,sharpe,sortino,calmar,max_drawdown,win_rate,n_trades,turnover,total_costs
Risk Parity,train,-0.06023466838267366,-0.012377431982134257,0.0474065601097297,-0.23899114527042345,-0.321486461012592,-0.0974535335968604,0.1270085498729726,0.4362745098039216,204.0,11.593122129740209,72031.53239905063
Risk Parity,test,0.16902819824150406,0.05878265168492036,0.05677287558619191,1.034380675854708,1.8530288606766743,1.5981191745645564,0.03678239559383112,0.4805194805194805,77.0,10.513572856912823,35611.56575974197
Risk Parity,total,0.09861217239043252,0.01225330574942296,0.05094940621667459,0.2644530447272187,0.39597101090269,0.09536873488957007,0.12848346749709305,0.4483985765124555,281.0,11.211932761747022,107643.0981587926
Risk Parity naive (1/σ),train,-0.07857163773429887,-0.016271277870815948,0.04745959456799596,-0.3219047418307593,-0.43192713520330484,-0.11969131020854075,0.1359436858236922,0.4264705882352941,204.0,11.313889934272371,69324.50655578799
Risk Parity naive (1/σ),test,0.16249512554210632,0.056614688095721455,0.05669387966297439,0.9995801830886223,1.792442286643998,1.451403710722839,0.039006850869580445,0.4805194805194805,77.0,10.393983509790223,34424.22781928583
Risk Parity naive (1/σ),total,0.07115597967012377,0.008941113225880981,0.05095257009279471,0.20011261237533604,0.29911095278849076,0.06445160820401165,0.13872599109675066,0.4412811387900356,281.0,10.990822940101898,103748.73437507382
Pesos iguales,train,-0.07098007841310983,-0.014651765276860962,0.04926748724146946,-0.2749377974591811,-0.3736513515288084,-0.10802100978289127,0.13563810694150313,0.4264705882352941,204.0,11.21446556668932,68726.42385587901
Pesos iguales,test,0.16108646284114303,0.05614621915114393,0.05710720930149362,0.9849840101476834,1.776104885828779,1.355362954877629,0.041425227795320096,0.4805194805194805,77.0,10.385127865764328,34591.127767183556
Pesos iguales,total,0.0786724546642783,0.009855147225627858,0.052205851807436685,0.21388714534190234,0.32180221401101006,0.0724930775549418,0.13594604558150725,0.4412811387900356,281.0,10.9221564386925,103317.55162306257
Buy & hold equiponderado,train,1.6723488625464409,0.21781802597968447,0.20101388015453353,1.0812860663936674,1.5691032998796763,0.7405816085634748,0.2941175198803434,,0.0,0.4477604231694406,5118.367642426071
Buy & hold equiponderado,test,0.8777115380095237,0.25915462782827015,0.12564113872334884,1.897490038937137,2.917351722858484,1.5573282286712733,0.16640976709796318,,0.0,0.3927080830518498,5014.616706821997
Buy & hold equiponderado,total,4.017900292790078,0.2322961246295805,0.17798068361057154,1.2630933349137528,1.8504780231964466,0.7898071652585882,0.2941175198803434,,0.0,0.4186785866419677,10132.984349248069
Activo AAPL,train,-0.26211164783772334,-0.05911808832814969,0.1093109464456563,-0.5023456699191744,-0.6379522947989041,-0.14585392942122272,0.40532393307977355,0.42424242424242425,33.0,9.935428453264551,49087.77207696672
Activo AAPL,test,-0.24938244959056333,-0.09960160687241704,0.08744483952270948,-1.1561025104397387,-1.5872968271554544,-0.39698825789372244,0.2508930803164494,0.17647058823529413,17.0,8.000968396347671,17977.388945863207
Activo AAPL,total,-0.4461280526242961,-0.07365569406035499,0.1020923134676291,-0.698030299163256,-0.9034494493913421,-0.14686364365706464,0.5015243543347285,0.34,50.0,9.330909362901942,67065.16102282993
Activo MSFT,train,0.057112914961420014,0.011197039688040533,0.08441921894828322,0.1740890072297345,0.24925923234174444,0.05814425430776896,0.19257345065898346,0.4666666666666667,30.0,7.070543913268481,48044.7156686997
Activo MSFT,test,0.2562094229868792,0.08700537604863534,0.075311420447942,1.1453650695518431,1.918034019629125,0.9156800060911684,0.09501722814724511,0.6666666666666666,9.0,4.292505575279029,17076.64861218733
Activo MSFT,total,0.3279552049356633,0.037413297603299034,0.08132029118154786,0.4922988838239836,0.735637350749482,0.19428066265246477,0.19257345065898346,0.5128205128205128,39.0,6.0444757382523715,65121.364280887035
Activo JPM,train,0.16867925396999928,0.031742640581100545,0.1274504235107768,0.3087852965399348,0.45987494991467265,0.16276721261190094,0.1950186408658794,0.5476190476190477,42.0,10.28566381489116,75775.29504320463
Activo JPM,test,-0.21409027483672105,-0.0843430055391775,0.07925954883608802,-1.071872865599874,-1.3860373182558996,-0.28838539664258395,0.2924662847741547,0.2857142857142857,14.0,7.3991708524218165,25783.59835972645
Activo JPM,total,-0.08152360870841202,-0.010951841818578223,0.11280789854854642,-0.041297453920314565,-0.059841271107313694,-0.02861711195726624,0.38270255345586734,0.48214285714285715,56.0,9.359158753738688,101558.89340293108
Activo XOM,train,-0.017238934153528063,-0.0034800817221304348,0.1113629042073478,0.024214209856021254,0.03539231089497462,-0.018324335330077397,0.18991585012190104,0.45161290322580644,31.0,7.072854530785654,45935.93160046732
Activo XOM,test,0.02611953660060151,0.009475130481504834,0.05889068891393585,0.18955153541531752,0.2702005279591953,0.06275716496949559,0.15098085590881005,0.6363636363636364,11.0,4.132863667713512,13691.43642235824
Activo XOM,total,0.008430329475495046,0.0010877124886727874,0.09610063068336623,0.05925168133211058,0.08629444670393688,0.004286567788516831,0.25374904640179274,0.5,42.0,6.079734172218229,59627.36802282557
Activo JNJ,train,-0.16490811081187995,-0.035483870323800404,0.05721896401276971,-0.6027422492808387,-0.805046505863926,-0.19361696145147006,0.18326839786035176,0.3870967741935484,31.0,7.610112187572662,42528.960689436615
Activo JNJ,test,0.208709093093572,0.07178823465051964,0.06818747104567748,1.0509307488356334,1.5895196882350613,0.756711520066673,0.09486869533081044,0.6923076923076923,13.0,5.790182448893007,17674.020063524313
Activo JNJ,total,0.00938316003037043,0.0012101518555120983,0.06139313752795467,0.05040699790940355,0.07090096841756677,0.005579217122946537,0.21690352406880054,0.4772727272727273,44.0,6.966982040656133,60202.98075296093
Activo WMT,train,-0.21522898789940736,-0.04742682249944663,0.08181811132978042,-0.5528014313665431,-0.7240239593849287,-0.1977069980424933,0.23988438936922785,0.36585365853658536,41.0,10.246560508861267,56354.948092392035
Activo WMT,test,0.1169217057910914,0.04127200376901086,0.09455615448743372,0.475272492479227,0.6405752657229585,0.35229882670761165,0.11715055697095555,0.6153846153846154,13.0,6.429484813428957,19091.79722200901
Activo WMT,total,-0.12347222250920487,-0.016921129327391538,0.08656125378847587,-0.15369382039827814,-0.20375371986743096,-0.06925589316374955,0.24432764569771692,0.42592592592592593,54.0,8.907796782629335,75446.74531440105
