every,method,annual_return,calmar,turnover,total_costs,gross_return,net_return
1,rp,0.009225966460256085,0.06142639076820293,12.32217575846713,115427.14133157344,0.18892067952440073,0.07349353819282722
1,naive,0.007024511205725226,0.04516515219834053,12.027248136683443,111560.99265667435,0.16710386164246582,0.05554286898579175
1,ew,0.008641261686131108,0.0567247516362919,12.041484743849766,112442.9349443517,0.1811430654647952,0.06870013052044333
5,rp,0.01225330574942296,0.09536873488957007,11.211932761747022,107643.0981587926,0.2062552705492251,0.09861217239043252
5,naive,0.008941113225880981,0.06445160820401165,10.990822940101898,103748.73437507382,0.17490471404519736,0.07115597967012377
5,ew,0.009855147225627858,0.0724930775549418,10.9221564386925,103317.55162306257,0.18199000628734074,0.0786724546642783
10,rp,0.009038829001530857,0.06933163802566887,10.463108301493293,99910.14316674488,0.1718674968443199,0.07195735367757505
10,naive,0.006824125853370999,0.05023871771544123,10.301836249902141,97076.71903442881,0.1509986976172335,0.0539219785828049
10,ew,0.007143398684138713,0.052891603658773274,10.327671762157317,97329.54619603363,0.15383510544902324,0.0565055592529895
21,rp,0.01158531292472742,0.08755900361040957,10.100712244162116,97282.98841547065,0.1903090934761289,0.09302610506065845
21,naive,0.007638712968177419,0.0550054455344027,9.988425115571827,93876.94149141375,0.15440153392641487,0.06052459243500086
21,ew,0.008518514488581097,0.06303437708764031,10.008703172965973,94151.89751538524,0.16184811665628152,0.0676962191408963
63,rp,0.003138515296053468,0.02399977093990345,9.597180947066835,91396.19864571755,0.11588971382670388,0.024493515180986414
63,naive,-0.0010036786929580321,-0.007500130257037851,9.488186164636218,88394.69882068603,0.08067016547854133,-0.007724533342144846
63,ew,-8.801998774055075e-05,-0.0006658850324880165,9.494166911446356,88423.41921027009,0.08774391035993179,-0.0006795088503382951
