param,delta,value,calmar,n_entries,ticker
adx_window,-0.2,11.0,0.23187452418129945,44,AAPL
adx_window,-0.1,13.0,0.2718614325888006,39,AAPL
adx_window,0.0,14.0,0.2739056529106058,37,AAPL
adx_window,0.1,15.0,0.082809257997277,37,AAPL
adx_window,0.2,17.0,0.13389818694406322,35,AAPL
adx_threshold,-0.2,18.812914212251822,0.13876679959141863,47,AAPL
adx_threshold,-0.1,21.1645284887833,0.16586574341305274,44,AAPL
adx_threshold,0.0,23.51614276531478,0.2739056529106058,37,AAPL
adx_threshold,0.1,25.867757041846257,0.12683284861654268,36,AAPL
adx_threshold,0.2,28.219371318377735,0.09367613443090586,31,AAPL
rsi_window,-0.2,14.0,0.2739056529106058,37,AAPL
rsi_window,-0.1,15.0,0.2739056529106058,37,AAPL
rsi_window,0.0,17.0,0.2739056529106058,37,AAPL
rsi_window,0.1,19.0,0.2739056529106058,37,AAPL
rsi_window,0.2,20.0,0.2739056529106058,37,AAPL
rsi_level,-0.2,60.572972613104504,0.20812087700597898,44,AAPL
rsi_level,-0.1,68.14459418974256,0.29398768555338556,37,AAPL
rsi_level,0.0,75.71621576638063,0.2739056529106058,37,AAPL
rsi_level,0.1,83.2878373430187,0.2739056529106058,37,AAPL
rsi_level,0.2,90.85945891965675,0.2739056529106058,37,AAPL
rsi_tol,-0.2,3.964766300381923,0.2739056529106058,37,AAPL
rsi_tol,-0.1,4.460362087929663,0.2739056529106058,37,AAPL
rsi_tol,0.0,4.955957875477403,0.2739056529106058,37,AAPL
rsi_tol,0.1,5.451553663025144,0.2739056529106058,37,AAPL
rsi_tol,0.2,5.9471494505728835,0.2739056529106058,37,AAPL
rsi_k,-0.2,5.0,0.2739056529106058,37,AAPL
rsi_k,-0.1,5.0,0.2739056529106058,37,AAPL
rsi_k,0.0,6.0,0.2739056529106058,37,AAPL
rsi_k,0.1,7.0,0.2739056529106058,37,AAPL
rsi_k,0.2,7.0,0.2739056529106058,37,AAPL
obv_window,-0.2,14.0,0.19543747060927036,41,AAPL
obv_window,-0.1,15.0,0.250413501934102,39,AAPL
obv_window,0.0,17.0,0.2739056529106058,37,AAPL
obv_window,0.1,19.0,0.009614095424605366,34,AAPL
obv_window,0.2,20.0,0.10222988618814466,34,AAPL
obv_threshold,-0.2,0.11711819476021315,0.20554569299973632,39,AAPL
obv_threshold,-0.1,0.1317579691052398,0.2739056529106058,37,AAPL
obv_threshold,0.0,0.14639774345026643,0.2739056529106058,37,AAPL
obv_threshold,0.1,0.1610375177952931,0.26998533195903607,37,AAPL
obv_threshold,0.2,0.1756772921403197,0.2668131706480583,37,AAPL
feat_window,-0.2,15.0,0.0066878341911916165,38,AAPL
feat_window,-0.1,17.0,-0.022990394372445492,41,AAPL
feat_window,0.0,19.0,0.2739056529106058,37,AAPL
feat_window,0.1,21.0,0.2581206956045589,41,AAPL
feat_window,0.2,23.0,0.2710276213687999,39,AAPL
autocorr_window,-0.2,42.0,0.17581875315114914,37,AAPL
autocorr_window,-0.1,48.0,0.2435276906075245,38,AAPL
autocorr_window,0.0,53.0,0.2739056529106058,37,AAPL
autocorr_window,0.1,58.0,0.16450473419948863,39,AAPL
autocorr_window,0.2,64.0,0.2739056529106058,37,AAPL
atr_window,-0.2,14.0,0.3539810457234691,37,AAPL
atr_window,-0.1,16.0,0.3245967183005222,37,AAPL
atr_window,0.0,18.0,0.2739056529106058,37,AAPL
atr_window,0.1,20.0,0.27403922278005366,37,AAPL
atr_window,0.2,22.0,0.2788805213322492,37,AAPL
sl_mult,-0.2,2.102731128224024,0.3972898255423882,37,AAPL
sl_mult,-0.1,2.3655725192520274,0.3078216150246876,37,AAPL
sl_mult,0.0,2.62841391028003,0.2739056529106058,37,AAPL
sl_mult,0.1,2.8912553013080333,0.20280331558491352,37,AAPL
sl_mult,0.2,3.154096692336036,0.23660943515503752,37,AAPL
tp_mult,-0.2,2.8354657162122336,0.2787294182285875,37,AAPL
tp_mult,-0.1,3.1898989307387624,0.3246605261801526,37,AAPL
tp_mult,0.0,3.5443321452652916,0.2739056529106058,37,AAPL
tp_mult,0.1,3.8987653597918213,0.2983105876430518,37,AAPL
tp_mult,0.2,4.25319857431835,0.36697284095427285,37,AAPL
max_holding,-0.2,18.0,0.038000955108537786,41,AAPL
max_holding,-0.1,21.0,0.23618831128056123,38,AAPL
max_holding,0.0,23.0,0.2739056529106058,37,AAPL
max_holding,0.1,25.0,0.1534727226747128,36,AAPL
max_holding,0.2,28.0,0.09092664342288904,35,AAPL
position_frac,-0.2,0.44729765356477086,0.2755021100025987,37,AAPL
position_frac,-0.1,0.5032098602603672,0.27471090106810836,37,AAPL
position_frac,0.0,0.5591220669559636,0.2739056529106058,37,AAPL
position_frac,0.1,0.6150342736515599,0.2730857749594065,37,AAPL
position_frac,0.2,0.6709464803471562,0.2722506687763902,37,AAPL
adx_window,-0.2,10.0,-0.16438897399117808,46,MSFT
adx_window,-0.1,12.0,-0.15779113859211188,45,MSFT
adx_window,0.0,13.0,-0.1426524851544216,40,MSFT
adx_window,0.1,14.0,-0.10669197528272514,36,MSFT
adx_window,0.2,16.0,-0.1281070970846591,33,MSFT
adx_threshold,-0.2,16.805019790560518,-0.1700404706758724,46,MSFT
adx_threshold,-0.1,18.90564726438058,-0.17038664050504015,46,MSFT
adx_threshold,0.0,21.006274738200645,-0.1426524851544216,40,MSFT
adx_threshold,0.1,23.10690221202071,-0.0882342270762988,36,MSFT
adx_threshold,0.2,25.207529685840772,-0.13179462709030929,31,MSFT
rsi_window,-0.2,14.0,-0.1426524851544216,40,MSFT
rsi_window,-0.1,16.0,-0.1426524851544216,40,MSFT
rsi_window,0.0,18.0,-0.1426524851544216,40,MSFT
rsi_window,0.1,20.0,-0.1426524851544216,40,MSFT
rsi_window,0.2,22.0,-0.1426524851544216,40,MSFT
rsi_level,-0.2,61.41054254527805,-0.18729912329003465,47,MSFT
rsi_level,-0.1,69.0868603634378,-0.14751525916846686,41,MSFT
rsi_level,0.0,76.76317818159755,-0.1426524851544216,40,MSFT
rsi_level,0.1,84.43949599975731,-0.1426524851544216,40,MSFT
rsi_level,0.2,92.11581381791706,-0.1426524851544216,40,MSFT
rsi_tol,-0.2,3.5896814942786515,-0.1426524851544216,40,MSFT
rsi_tol,-0.1,4.038391681063483,-0.1426524851544216,40,MSFT
rsi_tol,0.0,4.487101867848314,-0.1426524851544216,40,MSFT
rsi_tol,0.1,4.935812054633146,-0.1426524851544216,40,MSFT
rsi_tol,0.2,5.384522241417977,-0.1426524851544216,40,MSFT
rsi_k,-0.2,4.0,-0.1426524851544216,40,MSFT
rsi_k,-0.1,4.0,-0.1426524851544216,40,MSFT
rsi_k,0.0,5.0,-0.1426524851544216,40,MSFT
rsi_k,0.1,6.0,-0.1426524851544216,40,MSFT
rsi_k,0.2,6.0,-0.1426524851544216,40,MSFT
obv_window,-0.2,17.0,-0.14063558822434033,44,MSFT
obv_window,-0.1,19.0,-0.1296029791838759,39,MSFT
obv_window,0.0,21.0,-0.1426524851544216,40,MSFT
obv_window,0.1,23.0,-0.1694949082782259,39,MSFT
obv_window,0.2,25.0,-0.12400669229147744,38,MSFT
obv_threshold,-0.2,0.1075106524013664,-0.12472890485161457,40,MSFT
obv_threshold,-0.1,0.12094948395153719,-0.12472890485161457,40,MSFT
obv_threshold,0.0,0.134388315501708,-0.1426524851544216,40,MSFT
obv_threshold,0.1,0.1478271470518788,-0.1811466664787865,40,MSFT
obv_threshold,0.2,0.16126597860204958,-0.1811466664787865,40,MSFT
feat_window,-0.2,17.0,-0.14332484623251954,41,MSFT
feat_window,-0.1,19.0,-0.09468294305371099,42,MSFT
feat_window,0.0,21.0,-0.1426524851544216,40,MSFT
feat_window,0.1,23.0,-0.198198911190953,39,MSFT
feat_window,0.2,25.0,-0.1865380620895449,38,MSFT
autocorr_window,-0.2,46.0,-0.14424266255716575,39,MSFT
autocorr_window,-0.1,51.0,-0.1426524851544216,40,MSFT
autocorr_window,0.0,57.0,-0.1426524851544216,40,MSFT
autocorr_window,0.1,63.0,-0.1431830779207862,40,MSFT
autocorr_window,0.2,68.0,-0.1431830779207862,40,MSFT
atr_window,-0.2,14.0,-0.15934864047696162,40,MSFT
atr_window,-0.1,16.0,-0.14497367769750416,40,MSFT
atr_window,0.0,18.0,-0.1426524851544216,40,MSFT
atr_window,0.1,20.0,-0.14056713651589375,40,MSFT
atr_window,0.2,22.0,-0.1343691920350253,40,MSFT
sl_mult,-0.2,1.9449661793170003,-0.1243440717719263,40,MSFT
sl_mult,-0.1,2.1880869517316253,-0.13657324720442604,40,MSFT
sl_mult,0.0,2.43120772414625,-0.1426524851544216,40,MSFT
sl_mult,0.1,2.6743284965608756,-0.15745508704291072,40,MSFT
sl_mult,0.2,2.9174492689755,-0.170030657791176,40,MSFT
tp_mult,-0.2,2.9675532929404618,-0.16437107611519813,40,MSFT
tp_mult,-0.1,3.3384974545580195,-0.13960554085553586,40,MSFT
tp_mult,0.0,3.709441616175577,-0.1426524851544216,40,MSFT
tp_mult,0.1,4.080385777793135,-0.1332020415337494,40,MSFT
tp_mult,0.2,4.451329939410693,-0.124488338994145,40,MSFT
max_holding,-0.2,17.0,-0.18582206301562726,44,MSFT
max_holding,-0.1,19.0,-0.09328585863170992,42,MSFT
max_holding,0.0,21.0,-0.1426524851544216,40,MSFT
max_holding,0.1,23.0,-0.11158193045175001,39,MSFT
max_holding,0.2,25.0,-0.18539705664202583,37,MSFT
position_frac,-0.2,0.47247226948315846,-0.13682110069913467,40,MSFT
position_frac,-0.1,0.5315313031685532,-0.13971650970800142,40,MSFT
position_frac,0.0,0.590590336853948,-0.1426524851544216,40,MSFT
position_frac,0.1,0.6496493705393429,-0.14562919739720787,40,MSFT
position_frac,0.2,0.7087084042247376,-0.14864680590919127,40,MSFT
adx_window,-0.2,11.0,-0.04755146065777383,44,JPM
adx_window,-0.1,13.0,-0.08895877278707909,40,JPM
adx_window,0.0,14.0,-0.07990671623261858,39,JPM
adx_window,0.1,15.0,-0.028256978782061203,36,JPM
adx_window,0.2,17.0,-0.0881546945214603,34,JPM
adx_threshold,-0.2,17.039305352432756,-0.09652166560137884,47,JPM
adx_threshold,-0.1,19.169218521486847,-0.03804236651469296,41,JPM
adx_threshold,0.0,21.299131690540943,-0.07990671623261858,39,JPM
adx_threshold,0.1,23.429044859595038,0.021735113759603925,33,JPM
adx_threshold,0.2,25.55895802864913,-0.08554546972466659,32,JPM
rsi_window,-0.2,14.0,-0.07990671623261858,39,JPM
rsi_window,-0.1,15.0,-0.07990671623261858,39,JPM
rsi_window,0.0,17.0,-0.07990671623261858,39,JPM
rsi_window,0.1,19.0,-0.04835747215379018,37,JPM
rsi_window,0.2,20.0,-0.04835747215379018,37,JPM
rsi_level,-0.2,58.734221805914025,-0.011486543768559593,42,JPM
rsi_level,-0.1,66.07599953165328,-0.056572905714823395,41,JPM
rsi_level,0.0,73.41777725739253,-0.07990671623261858,39,JPM
rsi_level,0.1,80.75955498313179,-0.04835747215379018,37,JPM
rsi_level,0.2,88.10133270887103,-0.04835747215379018,37,JPM
rsi_tol,-0.2,3.811236103586837,-0.07990671623261858,39,JPM
rsi_tol,-0.1,4.2876406165351915,-0.07990671623261858,39,JPM
rsi_tol,0.0,4.764045129483546,-0.07990671623261858,39,JPM
rsi_tol,0.1,5.240449642431901,-0.07990671623261858,39,JPM
rsi_tol,0.2,5.716854155380255,-0.07990671623261858,39,JPM
rsi_k,-0.2,4.0,-0.07990671623261858,39,JPM
rsi_k,-0.1,4.0,-0.07990671623261858,39,JPM
rsi_k,0.0,5.0,-0.07990671623261858,39,JPM
rsi_k,0.1,6.0,-0.04835747215379018,37,JPM
rsi_k,0.2,6.0,-0.04835747215379018,37,JPM
obv_window,-0.2,14.0,-0.15911519086827694,42,JPM
obv_window,-0.1,16.0,-0.1283258431232416,41,JPM
obv_window,0.0,18.0,-0.07990671623261858,39,JPM
obv_window,0.1,20.0,-0.17313520898619703,40,JPM
obv_window,0.2,22.0,-0.15348495958375347,39,JPM
obv_threshold,-0.2,0.09740658755046576,-0.04888483959060831,40,JPM
obv_threshold,-0.1,0.10958241099427397,-0.07741275192437144,39,JPM
obv_threshold,0.0,0.12175823443808219,-0.07990671623261858,39,JPM
obv_threshold,0.1,0.13393405788189042,-0.10405247905665706,38,JPM
obv_threshold,0.2,0.14610988132569863,-0.059123462712827875,38,JPM
feat_window,-0.2,17.0,-0.14090310866336503,36,JPM
feat_window,-0.1,19.0,-0.11975109674103934,36,JPM
feat_window,0.0,21.0,-0.07990671623261858,39,JPM
feat_window,0.1,23.0,-0.08983039053603241,35,JPM
feat_window,0.2,25.0,-0.09259070187089727,36,JPM
autocorr_window,-0.2,46.0,-0.07990671623261858,39,JPM
autocorr_window,-0.1,52.0,-0.07990671623261858,39,JPM
autocorr_window,0.0,58.0,-0.07990671623261858,39,JPM
autocorr_window,0.1,64.0,-0.08531255987171729,41,JPM
autocorr_window,0.2,70.0,-0.10935576499510848,41,JPM
atr_window,-0.2,15.0,-0.08484327513419808,39,JPM
atr_window,-0.1,17.0,-0.08421594135316911,39,JPM
atr_window,0.0,19.0,-0.07990671623261858,39,JPM
atr_window,0.1,21.0,-0.07700888970419784,39,JPM
atr_window,0.2,23.0,-0.07536988206727184,39,JPM
sl_mult,-0.2,2.0054512694451962,-0.02233934379954853,39,JPM
sl_mult,-0.1,2.2561326781258457,-0.07026467544337274,39,JPM
sl_mult,0.0,2.506814086806495,-0.07990671623261858,39,JPM
sl_mult,0.1,2.757495495487145,-0.0717047258089825,39,JPM
sl_mult,0.2,3.008176904167794,-0.09362620876310777,39,JPM
tp_mult,-0.2,2.8598744811874175,-0.04674661188411385,39,JPM
tp_mult,-0.1,3.2173587913358443,-0.10111442160593447,39,JPM
tp_mult,0.0,3.5748431014842716,-0.07990671623261858,39,JPM
tp_mult,0.1,3.932327411632699,-0.04152270241528037,39,JPM
tp_mult,0.2,4.289811721781126,0.02746126215353891,39,JPM
max_holding,-0.2,19.0,-0.10113961273270777,44,JPM
max_holding,-0.1,22.0,-0.12495389750436088,40,JPM
max_holding,0.0,24.0,-0.07990671623261858,39,JPM
max_holding,0.1,26.0,-0.1079311064124795,39,JPM
max_holding,0.2,29.0,-0.15462927901702644,38,JPM
position_frac,-0.2,0.5013213182498178,-0.07545504877021098,39,JPM
position_frac,-0.1,0.563986483031045,-0.07767345035475423,39,JPM
position_frac,0.0,0.6266516478122722,-0.07990671623261858,39,JPM
position_frac,0.1,0.6893168125934995,-0.08215631940238867,39,JPM
position_frac,0.2,0.7519819773747266,-0.08442371310358783,39,JPM
adx_window,-0.2,10.0,0.015222644584266682,43,XOM
adx_window,-0.1,12.0,0.07433264002176479,41,XOM
adx_window,0.0,13.0,0.12281505668321284,40,XOM
adx_window,0.1,14.0,0.13373179542122823,37,XOM
adx_window,0.2,16.0,0.14380534285859747,30,XOM
adx_threshold,-0.2,16.402011613317846,0.031220520332313234,45,XOM
adx_threshold,-0.1,18.452263064982574,-0.04352476713850756,44,XOM
adx_threshold,0.0,20.502514516647306,0.12281505668321284,40,XOM
adx_threshold,0.1,22.552765968312038,0.3273207010897377,32,XOM
adx_threshold,0.2,24.603017419976766,0.19957289982999543,30,XOM
rsi_window,-0.2,14.0,0.12281505668321284,40,XOM
rsi_window,-0.1,15.0,0.12281505668321284,40,XOM
rsi_window,0.0,17.0,0.12281505668321284,40,XOM
rsi_window,0.1,19.0,0.12281505668321284,40,XOM
rsi_window,0.2,20.0,0.12281505668321284,40,XOM
rsi_level,-0.2,60.18329636653747,0.021986945291586818,44,XOM
rsi_level,-0.1,67.70620841235466,0.0542812373699545,41,XOM
rsi_level,0.0,75.22912045817183,0.12281505668321284,40,XOM
rsi_level,0.1,82.75203250398903,0.12281505668321284,40,XOM
rsi_level,0.2,90.2749445498062,0.12281505668321284,40,XOM
rsi_tol,-0.2,3.736272719703802,0.12281505668321284,40,XOM
rsi_tol,-0.1,4.203306809666778,0.12281505668321284,40,XOM
rsi_tol,0.0,4.670340899629752,0.12281505668321284,40,XOM
rsi_tol,0.1,5.137374989592728,0.12281505668321284,40,XOM
rsi_tol,0.2,5.604409079555703,0.12281505668321284,40,XOM
rsi_k,-0.2,5.0,0.12281505668321284,40,XOM
rsi_k,-0.1,5.0,0.12281505668321284,40,XOM
rsi_k,0.0,6.0,0.12281505668321284,40,XOM
rsi_k,0.1,7.0,0.12281505668321284,40,XOM
rsi_k,0.2,7.0,0.12281505668321284,40,XOM
obv_window,-0.2,14.0,0.10414125006713147,41,XOM
obv_window,-0.1,16.0,0.034123870216286246,41,XOM
obv_window,0.0,18.0,0.12281505668321284,40,XOM
obv_window,0.1,20.0,0.08681614142692379,37,XOM
obv_window,0.2,22.0,0.06270499898560761,36,XOM
obv_threshold,-0.2,0.10478437569971287,0.07051667455578542,40,XOM
obv_threshold,-0.1,0.11788242266217697,0.07361744526142869,40,XOM
obv_threshold,0.0,0.13098046962464108,0.12281505668321284,40,XOM
obv_threshold,0.1,0.1440785165871052,0.12653845599056074,40,XOM
obv_threshold,0.2,0.1571765635495693,0.11963151748435298,39,XOM
feat_window,-0.2,18.0,0.12641302154989567,41,XOM
feat_window,-0.1,20.0,0.15711646239855964,41,XOM
feat_window,0.0,22.0,0.12281505668321284,40,XOM
feat_window,0.1,24.0,0.08960497791725147,39,XOM
feat_window,0.2,26.0,0.20448646421525343,38,XOM
autocorr_window,-0.2,41.0,0.07765456679205163,42,XOM
autocorr_window,-0.1,46.0,0.12281505668321284,40,XOM
autocorr_window,0.0,51.0,0.12281505668321284,40,XOM
autocorr_window,0.1,56.0,0.12281505668321284,40,XOM
autocorr_window,0.2,61.0,0.148131489555434,39,XOM
atr_window,-0.2,16.0,0.12487461756649483,40,XOM
atr_window,-0.1,18.0,0.12377381294563262,40,XOM
atr_window,0.0,20.0,0.12281505668321284,40,XOM
atr_window,0.1,22.0,0.12220962366252652,40,XOM
atr_window,0.2,24.0,0.09018452117256046,40,XOM
sl_mult,-0.2,2.0401958518992744,0.016067327548817893,40,XOM
sl_mult,-0.1,2.2952203333866836,0.13309842633328617,40,XOM
sl_mult,0.0,2.550244814874093,0.12281505668321284,40,XOM
sl_mult,0.1,2.8052692963615025,0.09557684501891114,40,XOM
sl_mult,0.2,3.060293777848911,0.06409868656174555,40,XOM
tp_mult,-0.2,2.8371464590779274,0.07661810822852748,40,XOM
tp_mult,-0.1,3.191789766462668,0.07895735005780397,40,XOM
tp_mult,0.0,3.546433073847409,0.12281505668321284,40,XOM
tp_mult,0.1,3.90107638123215,0.13315745673902168,40,XOM
tp_mult,0.2,4.255719688616891,0.16539449274469945,40,XOM
max_holding,-0.2,19.0,-0.0778135278043524,43,XOM
max_holding,-0.1,22.0,0.021478085395324555,42,XOM
max_holding,0.0,24.0,0.12281505668321284,40,XOM
max_holding,0.1,26.0,0.0818465105811999,39,XOM
max_holding,0.2,29.0,0.04133495378778781,37,XOM
position_frac,-0.2,0.451970142622534,0.12528360019268045,40,XOM
position_frac,-0.1,0.5084664104503508,0.12406721685443717,40,XOM
position_frac,0.0,0.5649626782781675,0.12281505668321284,40,XOM
position_frac,0.1,0.6214589461059843,0.12152638514911866,40,XOM
position_frac,0.2,0.677955213933801,0.12020046329820364,40,XOM
adx_window,-0.2,12.0,-0.12195009396496127,46,JNJ
adx_window,-0.1,14.0,-0.14280111853386027,41,JNJ
adx_window,0.0,15.0,-0.16471686631924146,39,JNJ
adx_window,0.1,16.0,-0.16487829929285236,37,JNJ
adx_window,0.2,18.0,-0.145353987127304,35,JNJ
adx_threshold,-0.2,17.944332206710577,-0.13916774942825352,47,JNJ
adx_threshold,-0.1,20.187373732549396,-0.15962556910408157,43,JNJ
adx_threshold,0.0,22.43041525838822,-0.16471686631924146,39,JNJ
adx_threshold,0.1,24.673456784227042,-0.14043599914911356,36,JNJ
adx_threshold,0.2,26.91649831006586,-0.13945727352924756,33,JNJ
rsi_window,-0.2,13.0,-0.16471686631924146,39,JNJ
rsi_window,-0.1,14.0,-0.16471686631924146,39,JNJ
rsi_window,0.0,16.0,-0.16471686631924146,39,JNJ
rsi_window,0.1,18.0,-0.16471686631924146,39,JNJ
rsi_window,0.2,19.0,-0.16471686631924146,39,JNJ
rsi_level,-0.2,60.153653013152706,-0.14669412461611303,42,JNJ
rsi_level,-0.1,67.67285963979678,-0.16471686631924146,39,JNJ
rsi_level,0.0,75.19206626644088,-0.16471686631924146,39,JNJ
rsi_level,0.1,82.71127289308497,-0.16471686631924146,39,JNJ
rsi_level,0.2,90.23047951972904,-0.16471686631924146,39,JNJ
rsi_tol,-0.2,3.564286821825009,-0.16471686631924146,39,JNJ
rsi_tol,-0.1,4.009822674553135,-0.16471686631924146,39,JNJ
rsi_tol,0.0,4.455358527281261,-0.16471686631924146,39,JNJ
rsi_tol,0.1,4.900894380009388,-0.16471686631924146,39,JNJ
rsi_tol,0.2,5.346430232737513,-0.16471686631924146,39,JNJ
rsi_k,-0.2,4.0,-0.16471686631924146,39,JNJ
rsi_k,-0.1,4.0,-0.16471686631924146,39,JNJ
rsi_k,0.0,5.0,-0.16471686631924146,39,JNJ
rsi_k,0.1,6.0,-0.16471686631924146,39,JNJ
rsi_k,0.2,6.0,-0.16471686631924146,39,JNJ
obv_window,-0.2,14.0,-0.16539460598962266,39,JNJ
obv_window,-0.1,16.0,-0.1420281701905582,40,JNJ
obv_window,0.0,18.0,-0.16471686631924146,39,JNJ
obv_window,0.1,20.0,-0.14757592642062606,40,JNJ
obv_window,0.2,22.0,-0.14516136442511937,39,JNJ
obv_threshold,-0.2,0.09593993918066113,-0.16726732947220724,41,JNJ
obv_threshold,-0.1,0.10793243157824375,-0.16765906252741433,40,JNJ
obv_threshold,0.0,0.1199249239758264,-0.16471686631924146,39,JNJ
obv_threshold,0.1,0.13191741637340904,-0.1615892923297812,38,JNJ
obv_threshold,0.2,0.14390990877099166,-0.1615892923297812,38,JNJ
feat_window,-0.2,18.0,-0.16206817167559365,43,JNJ
feat_window,-0.1,21.0,-0.15054716831251122,41,JNJ
feat_window,0.0,23.0,-0.16471686631924146,39,JNJ
feat_window,0.1,25.0,-0.1765197092524455,39,JNJ
feat_window,0.2,28.0,-0.18425773823174868,39,JNJ
autocorr_window,-0.2,42.0,-0.16087757629097685,37,JNJ
autocorr_window,-0.1,47.0,-0.16973507528930715,39,JNJ
autocorr_window,0.0,52.0,-0.16471686631924146,39,JNJ
autocorr_window,0.1,57.0,-0.1672340325145369,39,JNJ
autocorr_window,0.2,62.0,-0.16602183967077147,38,JNJ
atr_window,-0.2,14.0,-0.1601456742780754,39,JNJ
atr_window,-0.1,16.0,-0.1639790402208541,39,JNJ
atr_window,0.0,18.0,-0.16471686631924146,39,JNJ
atr_window,0.1,20.0,-0.15321492788962726,39,JNJ
atr_window,0.2,22.0,-0.16025459230021083,39,JNJ
sl_mult,-0.2,1.8521263910862924,-0.16053161766504428,39,JNJ
sl_mult,-0.1,2.083642189972079,-0.1698956739418081,39,JNJ
sl_mult,0.0,2.3151579888578655,-0.16471686631924146,39,JNJ
sl_mult,0.1,2.5466737877436523,-0.15628474831810552,39,JNJ
sl_mult,0.2,2.7781895866294386,-0.14937947007978,39,JNJ
tp_mult,-0.2,2.7875023191744184,-0.16771401507681746,39,JNJ
tp_mult,-0.1,3.1359401090712202,-0.1682267978179298,39,JNJ
tp_mult,0.0,3.4843778989680225,-0.16471686631924146,39,JNJ
tp_mult,0.1,3.8328156888648253,-0.16069974069581805,39,JNJ
tp_mult,0.2,4.181253478761627,-0.15526306811574586,39,JNJ
max_holding,-0.2,16.0,-0.17704325317531885,42,JNJ
max_holding,-0.1,18.0,-0.1517548814984233,39,JNJ
max_holding,0.0,20.0,-0.16471686631924146,39,JNJ
max_holding,0.1,22.0,-0.15037473853947864,38,JNJ
max_holding,0.2,24.0,-0.1449948179349905,36,JNJ
position_frac,-0.2,0.47586421790660616,-0.15953182440281824,39,JNJ
position_frac,-0.1,0.5353472451449319,-0.16210710707326306,39,JNJ
position_frac,0.0,0.5948302723832577,-0.16471686631924146,39,JNJ
position_frac,0.1,0.6543132996215835,-0.16736125867474816,39,JNJ
position_frac,0.2,0.7137963268599092,-0.1700404308576821,39,JNJ
adx_window,-0.2,11.0,-0.18122137896676463,48,WMT
adx_window,-0.1,13.0,-0.07791554066821008,39,WMT
adx_window,0.0,14.0,-0.1008392110170135,39,WMT
adx_window,0.1,15.0,-0.08520487780684743,37,WMT
adx_window,0.2,17.0,0.05760272410248744,32,WMT
adx_threshold,-0.2,16.730684947232206,-0.12602555169779567,49,WMT
adx_threshold,-0.1,18.822020565636233,-0.08531827133022733,41,WMT
adx_threshold,0.0,20.913356184040257,-0.1008392110170135,39,WMT
adx_threshold,0.1,23.004691802444285,-0.031142188729407973,34,WMT
adx_threshold,0.2,25.09602742084831,0.03007197914020318,31,WMT
rsi_window,-0.2,13.0,-0.1008392110170135,39,WMT
rsi_window,-0.1,14.0,-0.1008392110170135,39,WMT
rsi_window,0.0,16.0,-0.1008392110170135,39,WMT
rsi_window,0.1,18.0,-0.1008392110170135,39,WMT
rsi_window,0.2,19.0,-0.1008392110170135,39,WMT
rsi_level,-0.2,61.007876523543416,-0.0770228281123339,39,WMT
rsi_level,-0.1,68.63386108898635,-0.1008392110170135,39,WMT
rsi_level,0.0,76.25984565442927,-0.1008392110170135,39,WMT
rsi_level,0.1,83.8858302198722,-0.1008392110170135,39,WMT
rsi_level,0.2,91.51181478531512,-0.1008392110170135,39,WMT
rsi_tol,-0.2,4.549612197192685,-0.1008392110170135,39,WMT
rsi_tol,-0.1,5.11831372184177,-0.1008392110170135,39,WMT
rsi_tol,0.0,5.687015246490856,-0.1008392110170135,39,WMT
rsi_tol,0.1,6.255716771139942,-0.1008392110170135,39,WMT
rsi_tol,0.2,6.824418295789027,-0.1008392110170135,39,WMT
rsi_k,-0.2,5.0,-0.1008392110170135,39,WMT
rsi_k,-0.1,5.0,-0.1008392110170135,39,WMT
rsi_k,0.0,6.0,-0.1008392110170135,39,WMT
rsi_k,0.1,7.0,-0.1008392110170135,39,WMT
rsi_k,0.2,7.0,-0.1008392110170135,39,WMT
obv_window,-0.2,14.0,-0.08741092191664815,40,WMT
obv_window,-0.1,16.0,-0.066539389724524,40,WMT
obv_window,0.0,18.0,-0.1008392110170135,39,WMT
obv_window,0.1,20.0,-0.14493992199347142,38,WMT
obv_window,0.2,22.0,-0.09906056764836227,40,WMT
obv_threshold,-0.2,0.11960285718352018,-0.08426950321519679,40,WMT
obv_threshold,-0.1,0.1345532143314602,-0.06789485766580988,39,WMT
obv_threshold,0.0,0.14950357147940022,-0.1008392110170135,39,WMT
obv_threshold,0.1,0.16445392862734026,-0.10085692615086946,39,WMT
obv_threshold,0.2,0.17940428577528025,-0.11660174836868571,37,WMT
feat_window,-0.2,18.0,-0.1107311787343114,41,WMT
feat_window,-0.1,20.0,-0.09648065601400148,39,WMT
feat_window,0.0,22.0,-0.1008392110170135,39,WMT
feat_window,0.1,24.0,-0.12975419570587546,41,WMT
feat_window,0.2,26.0,-0.04102720297238152,38,WMT
autocorr_window,-0.2,46.0,-0.07310424749426124,40,WMT
autocorr_window,-0.1,52.0,-0.05861492006514686,41,WMT
autocorr_window,0.0,58.0,-0.1008392110170135,39,WMT
autocorr_window,0.1,64.0,-0.11117914582116525,40,WMT
autocorr_window,0.2,70.0,-0.10312786439655337,41,WMT
atr_window,-0.2,15.0,-0.10065530430341144,39,WMT
atr_window,-0.1,17.0,-0.10064711106110537,39,WMT
atr_window,0.0,19.0,-0.1008392110170135,39,WMT
atr_window,0.1,21.0,-0.10122884371408247,39,WMT
atr_window,0.2,23.0,-0.1015028250944825,39,WMT
sl_mult,-0.2,1.9842659432772045,-0.16726352203485528,39,WMT
sl_mult,-0.1,2.232299186186855,-0.11417249345041501,39,WMT
sl_mult,0.0,2.4803324290965056,-0.1008392110170135,39,WMT
sl_mult,0.1,2.728365672006156,-0.09768824523187362,39,WMT
sl_mult,0.2,2.9763989149158068,-0.04179788565799607,39,WMT
tp_mult,-0.2,2.4927682087441707,-0.060675820361409935,39,WMT
tp_mult,-0.1,2.804364234837192,-0.11381066617840996,39,WMT
tp_mult,0.0,3.1159602609302133,-0.1008392110170135,39,WMT
tp_mult,0.1,3.427556287023235,-0.08770691402318187,39,WMT
tp_mult,0.2,3.739152313116256,-0.1137458038216089,39,WMT
max_holding,-0.2,22.0,-0.11255103265579085,45,WMT
max_holding,-0.1,25.0,-0.08117638138300551,41,WMT
max_holding,0.0,28.0,-0.1008392110170135,39,WMT
max_holding,0.1,31.0,-0.09184899308224362,39,WMT
max_holding,0.2,34.0,-0.10077096983645155,38,WMT
position_frac,-0.2,0.4667270674343025,-0.09670091198251744,39,WMT
position_frac,-0.1,0.5250679508635903,-0.09875493247248132,39,WMT
position_frac,0.0,0.583408834292878,-0.1008392110170135,39,WMT
position_frac,0.1,0.6417497177221659,-0.1029539191321398,39,WMT
position_frac,0.2,0.7000906011514536,-0.1050992219112808,39,WMT
