ticker,side,entry_date,exit_date,entry_price,exit_price,pnl,exit_reason
WMT,LONG,2019-01-08,2019-01-31,28.360260961102387,28.23196890889127,168.46582646602474,signal
WMT,SHORT,2019-01-31,2019-01-31,28.23196890889127,28.853122997684444,-1999.696232025468,stop_loss
XOM,SHORT,2019-01-23,2019-02-06,50.98793765071359,53.51573923563504,-4082.7815309854195,signal
XOM,LONG,2019-02-06,2019-02-15,53.51573923563504,55.59212351597928,3623.205012933191,take_profit
JNJ,SHORT,2019-01-04,2019-02-15,102.7722876094091,110.16607016603814,-9013.01430703963,stop_loss
JNJ,LONG,2019-03-14,2019-03-25,112.58504944093914,110.943890701893,-1048.611691355989,stop_loss
WMT,LONG,2019-03-15,2019-03-27,29.478681128435184,28.797597126199758,-961.1241885996424,stop_loss
MSFT,LONG,2019-03-14,2019-03-28,106.94818373794295,109.65597014491458,1471.2576725513063,signal
JPM,SHORT,2019-03-22,2019-04-01,83.17796895673116,83.447542644213,-560.826686317072,signal
AAPL,LONG,2019-03-12,2019-04-08,42.85426983773272,47.13751721868217,4915.070307388523,take_profit
MSFT,LONG,2019-04-22,2019-04-25,114.4926287585475,121.43950869598945,2811.618297588786,take_profit
JPM,LONG,2019-04-12,2019-04-30,90.08694223551896,95.84082229494554,6641.709187665081,signal
JPM,LONG,2019-05-02,2019-05-07,94.8036266574457,93.30758104590376,-1659.9557999753888,stop_loss
WMT,SHORT,2019-04-29,2019-05-17,30.5584821984421,30.22629519781298,2298.573359557311,signal
XOM,SHORT,2019-05-20,2019-05-28,55.07045528182104,52.54395476713925,6028.957187747219,take_profit
WMT,LONG,2019-05-17,2019-05-29,30.22629519781298,30.790170151365995,1104.008590260084,signal
AAPL,SHORT,2019-05-28,2019-06-10,42.76117173928439,46.41683388216101,-5169.514464566404,stop_loss
JPM,SHORT,2019-05-24,2019-06-11,90.15277067079934,91.75978921099855,-3100.4397251831833,stop_loss
JNJ,SHORT,2019-05-30,2019-06-12,107.7015547702384,115.86068526800024,-8805.661831784353,stop_loss
WMT,LONG,2019-06-24,2019-06-27,33.61861181235903,33.07078871487983,-2493.0727655376104,stop_loss
AAPL,SHORT,2019-06-28,2019-07-01,47.483752150680864,48.69427525497321,-2685.5283552375477,stop_loss
MSFT,LONG,2019-06-28,2019-07-10,126.1156838383989,129.4570490705301,2220.665212434309,take_profit
MSFT,SHORT,2019-07-18,2019-07-19,127.03408850320196,131.41068585511186,-2895.573487665286,stop_loss
XOM,LONG,2019-06-24,2019-08-01,56.14217514537015,53.39769776733066,-6987.6423539146635,stop_loss
MSFT,LONG,2019-07-22,2019-08-01,128.77723075571004,128.3929949491042,-243.39824511866755,signal
MSFT,SHORT,2019-08-01,2019-08-01,128.3929949491042,131.40115088249286,-1409.451594426493,stop_loss
XOM,SHORT,2019-08-02,2019-08-05,52.579425187224125,50.440897039863636,4568.134635531023,take_profit
WMT,SHORT,2019-08-02,2019-08-05,33.09091640963781,32.2125452009911,1698.9589357975929,take_profit
JNJ,SHORT,2019-07-17,2019-08-06,108.56191657164536,106.80019492596446,1975.8789024665457,signal
AAPL,SHORT,2019-08-06,2019-08-08,46.917325530412754,48.289198046341056,-2275.1091252643528,stop_loss
JPM,SHORT,2019-08-08,2019-09-05,90.40140342240451,93.56388886946269,-2241.761227855175,stop_loss
WMT,LONG,2019-08-16,2019-09-06,34.568929081344535,34.98103196007823,1922.8707402157597,signal
XOM,SHORT,2019-08-30,2019-09-16,50.3006473578184,55.01470794533324,-6253.76813716162,stop_loss
JNJ,SHORT,2019-08-26,2019-09-19,105.18993871286771,107.01438260500444,-1139.2096639830706,signal
XOM,SHORT,2019-10-03,2019-10-04,49.12028966558271,50.58348416807603,-3392.637747199944,stop_loss
JPM,LONG,2019-10-16,2019-10-25,100.24232993083233,104.45391411007589,6523.5947319509,signal
JNJ,SHORT,2019-10-21,2019-10-29,106.2218510033016,107.07215866864352,-707.5115995607775,signal
XOM,SHORT,2019-11-06,2019-11-07,53.321194186113374,52.80798034391385,2616.4833657384734,signal
MSFT,LONG,2019-11-08,2019-11-15,135.3837940744378,140.0383191780305,9211.715442987741,take_profit
JPM,LONG,2019-11-13,2019-11-19,107.0694446486827,109.4593263009867,3710.856881415879,signal
AAPL,LONG,2019-11-26,2019-11-26,64.23228830416319,63.20796555296066,-1410.4256271967024,stop_loss
AAPL,SHORT,2019-12-04,2019-12-06,62.819815271136704,64.76384572808445,-4853.418281301274,stop_loss
JPM,LONG,2019-12-05,2019-12-06,110.87153536599328,112.79493323894711,2199.235530756443,take_profit
AAPL,LONG,2019-12-13,2020-01-02,65.31988214622592,71.28256770874596,12349.623982990655,take_profit
JPM,LONG,2019-12-31,2020-01-02,115.74325783312172,117.5981181928536,1656.6489939986495,take_profit
JNJ,LONG,2019-12-18,2020-01-03,119.4681756739814,119.2853290200215,-522.2451534276479,signal
MSFT,LONG,2019-12-23,2020-01-08,149.1856060131479,149.949776674837,259.0638526021503,signal
XOM,LONG,2020-01-07,2020-01-09,52.30960085860808,51.15132108265071,-3120.4670994534245,stop_loss
AAPL,SHORT,2020-01-28,2020-01-29,75.2191848484719,78.0705856603743,-3874.831183627364,stop_loss
MSFT,LONG,2020-01-21,2020-01-30,157.2618633387862,164.2154249334723,5410.399468034855,take_profit
AAPL,LONG,2020-01-29,2020-01-31,78.0705856603743,76.2915241739375,-2674.059142885788,stop_loss
WMT,SHORT,2020-02-13,2020-02-19,35.26275178803377,36.37374747760848,-3590.5855638830253,signal
JPM,SHORT,2020-02-04,2020-02-24,113.99698744137694,110.54051609520089,3129.998051801347,signal
XOM,SHORT,2020-02-03,2020-02-24,45.54275127532495,42.92223283305535,6984.467774153047,take_profit
WMT,LONG,2020-02-19,2020-02-26,36.37374747760848,34.65020224040395,-8548.157197684515,stop_loss
JNJ,SHORT,2020-02-26,2020-02-27,121.5936026879616,117.22395496281105,2739.5020358409674,take_profit
MSFT,SHORT,2020-02-26,2020-02-28,160.55796355617804,144.1909495095758,6419.2567331354585,take_profit
JPM,SHORT,2020-02-25,2020-02-28,110.17044596426727,98.83384173063014,9805.779664556663,take_profit
AAPL,SHORT,2020-02-28,2020-03-02,62.0499482580576,68.08465633915449,-5941.008902791298,stop_loss
WMT,SHORT,2020-02-28,2020-03-02,32.778972974478094,34.51838362771119,-5250.257478992964,stop_loss
XOM,SHORT,2020-03-12,2020-03-16,30.03003299365792,25.38504103972746,8270.488616643583,take_profit
WMT,LONG,2020-03-27,2020-04-06,33.66388260418214,38.57742045719641,26167.41465493638,take_profit
AAPL,SHORT,2020-03-25,2020-04-21,60.47976255514235,66.63750234716127,-4669.387012268686,signal
JPM,SHORT,2020-03-27,2020-04-29,78.37238611475084,84.19175290345144,-8853.410266765088,signal
JNJ,LONG,2020-04-21,2020-06-04,125.58393796773142,123.65789383361926,-2647.0221852427057,signal
WMT,SHORT,2020-04-30,2020-06-04,37.62919857741502,37.70875295072017,-502.3214931295952,signal
MSFT,LONG,2020-06-11,2020-06-29,183.22392528666057,185.73792482924836,1587.5280735270935,signal
JNJ,SHORT,2020-07-09,2020-07-13,120.25481654063162,123.1182268245193,-3205.233642390638,stop_loss
WMT,LONG,2020-07-08,2020-07-13,39.30552786279687,40.41760931692191,4072.079371547443,take_profit
JPM,LONG,2020-05-08,2020-07-21,78.85538729163098,83.83666592129441,3636.0313601740418,signal
AAPL,LONG,2020-07-22,2020-07-24,93.53970187859424,88.02071079474753,-6919.830784342586,signal
AAPL,SHORT,2020-07-24,2020-07-31,88.02071079474753,99.5302890268665,-14869.977751115715,stop_loss
AAPL,LONG,2020-08-03,2020-08-21,104.67198130172932,115.5817707861332,14735.79448381369,take_profit
WMT,LONG,2020-08-28,2020-09-01,43.47548717123828,45.11599526911945,3523.910384900926,take_profit
JNJ,LONG,2020-08-27,2020-09-03,129.24650210488477,131.2900702151749,1689.8763741852308,signal
JPM,LONG,2020-08-12,2020-09-04,91.08689124455915,89.27649279542482,-4509.564685175617,signal
JNJ,SHORT,2020-09-08,2020-09-23,127.40640015870136,125.05753728237146,3380.045584040432,signal
AAPL,SHORT,2020-09-21,2020-10-12,101.31368353801004,116.3546980186056,-19500.72070852827,stop_loss
WMT,LONG,2020-10-02,2020-11-16,43.88867597862405,46.41394648160435,12386.024515313009,signal
JPM,LONG,2020-11-10,2020-11-25,101.62239558472504,105.10362952134076,5543.389469006535,signal
JPM,LONG,2020-12-02,2020-12-23,103.65744071490175,109.02290400993883,4137.602868434013,take_profit
XOM,LONG,2020-11-18,2020-12-29,31.264255843651124,33.68399601098307,6777.476296638262,signal
WMT,SHORT,2020-12-16,2021-01-14,45.25601063333465,45.74496605727726,-2333.954610516841,signal
XOM,LONG,2021-01-12,2021-01-27,38.02669537617974,35.70317710737434,-3577.4271145708553,stop_loss
JNJ,LONG,2021-01-27,2021-01-29,144.40397157960058,140.2542303123765,-2110.418308082386,stop_loss
WMT,SHORT,2021-01-19,2021-02-18,44.76085830771351,42.77154494305436,3777.3756681649247,take_profit
MSFT,LONG,2021-01-21,2021-02-23,214.2493283744459,220.12330808748277,2728.043385189638,signal
XOM,LONG,2021-02-09,2021-02-24,41.2881303272752,45.03512785560158,3220.00091432505,take_profit
JNJ,SHORT,2021-03-01,2021-03-03,138.71453447699878,135.01938053689287,2147.715635769011,take_profit
MSFT,SHORT,2021-02-23,2021-04-01,220.12330808748277,230.87057326762078,-2828.0779832519474,stop_loss
WMT,SHORT,2021-03-11,2021-04-05,41.27012090052592,43.06877353126188,-3315.0492564096057,stop_loss
JPM,LONG,2021-04-07,2021-04-15,134.32237771706198,132.6993085964531,-486.82989432338945,signal
JPM,SHORT,2021-04-23,2021-04-28,129.12845326849802,133.99260579349072,-3526.9969068660284,stop_loss
AAPL,LONG,2021-04-12,2021-05-05,128.84397199003766,125.61603203019656,-543.877981884114,signal
AAPL,SHORT,2021-05-05,2021-05-12,125.61603203019656,120.18073081693387,2752.774066308084,signal
XOM,LONG,2021-04-29,2021-05-12,48.010588739516606,49.61112553328509,2094.4467442107707,signal
WMT,LONG,2021-04-06,2021-05-13,43.22926090116421,42.50053873696566,-2137.9409224064875,signal
WMT,SHORT,2021-05-13,2021-05-18,42.50053873696566,44.771725620017925,-3116.8224610638135,stop_loss
AAPL,SHORT,2021-05-13,2021-05-20,121.32995276517453,121.96298511018756,-351.5982656466658,signal
JNJ,LONG,2021-04-21,2021-05-28,142.94167101359238,146.5568089856143,1014.3757023607322,signal
WMT,LONG,2021-05-19,2021-06-02,43.89819844172473,44.11034802565772,-157.20849412109237,signal
MSFT,SHORT,2021-05-13,2021-06-09,231.08505323354785,243.12296920395215,-12895.749866824743,signal
JPM,LONG,2021-06-08,2021-06-14,144.31540391722018,140.50769339474135,-7608.624466963112,signal
JPM,SHORT,2021-06-14,2021-06-18,140.50769339474135,129.47759836166978,22466.68099987734,take_profit
XOM,LONG,2021-06-09,2021-06-25,51.810190723231486,53.4140183546076,6631.657098709344,signal
WMT,SHORT,2021-06-21,2021-06-30,42.32271936932198,44.04249660667909,-6818.2343547147175,stop_loss
JNJ,SHORT,2021-06-21,2021-07-02,140.72117407098642,145.78787276426934,-7409.181460849533,stop_loss
AAPL,LONG,2021-07-07,2021-07-20,139.79534920414747,139.71745362574492,-229.70263692297158,signal
MSFT,LONG,2021-07-07,2021-08-09,267.6353841228556,277.549613584763,3536.241577639652,signal
WMT,LONG,2021-08-04,2021-08-10,44.7311737781536,46.268642168482316,6261.940191805217,take_profit
AAPL,SHORT,2021-08-09,2021-08-13,142.59925003312128,145.30103817728678,-2115.6177737386897,signal
JNJ,SHORT,2021-09-01,2021-09-09,150.3671935572068,148.88001408550045,1683.7794737824297,signal
MSFT,LONG,2021-08-20,2021-09-21,287.64948045556423,283.7817837084376,-1364.3158833515772,signal
JPM,SHORT,2021-09-15,2021-09-23,138.29073397946934,142.43588681420755,-2945.166879211509,stop_loss
XOM,LONG,2021-10-05,2021-10-13,52.46848632262506,51.00823312238406,-3735.2020055529865,signal
MSFT,SHORT,2021-09-21,2021-10-18,283.7817837084376,294.2672582324071,-3975.8878589572414,stop_loss
AAPL,SHORT,2021-10-12,2021-10-26,139.7024354588627,146.93578573965038,-4178.375823618328,stop_loss
WMT,LONG,2021-10-20,2021-11-17,45.36860054226812,44.82689602762144,694.6833636664087,signal
AAPL,LONG,2021-10-29,2021-11-17,143.59412144965486,149.42865207861595,3465.003801564453,take_profit
WMT,SHORT,2021-11-17,2021-11-30,44.82689602762144,44.30084615631853,1140.210506119678,signal
JNJ,SHORT,2021-09-10,2021-12-02,146.58411371923904,137.6612630978497,12440.608724418504,signal
MSFT,LONG,2021-10-29,2021-12-06,311.0763923948779,311.472416708919,-805.4483880612825,signal
WMT,SHORT,2021-12-01,2021-12-13,43.997119872830666,44.089369385495694,-2678.3450528385874,signal
AAPL,LONG,2021-12-16,2021-12-16,175.11976837917365,169.06168980347198,-5109.783098245127,stop_loss
WMT,LONG,2021-12-14,2021-12-28,45.051399554590574,44.20255046680759,-5265.277529622108,signal
XOM,SHORT,2021-11-22,2022-01-04,51.30250880911246,55.47864256573018,-6404.108223350835,stop_loss
JPM,LONG,2022-01-12,2022-01-18,150.44234896632423,139.11852392455685,-7031.931157548475,stop_loss
XOM,LONG,2022-01-06,2022-01-18,57.83438674888515,61.93381972223512,4115.857996433479,take_profit
MSFT,SHORT,2021-12-06,2022-01-18,311.472416708919,290.13942842349667,14441.721805869165,take_profit
JPM,SHORT,2022-01-18,2022-01-18,139.11852392455685,134.58474506637447,4163.398870128527,take_profit
AAPL,SHORT,2022-01-25,2022-02-02,155.2907812885663,171.38207022393354,-10252.00733507007,stop_loss
WMT,SHORT,2022-02-15,2022-03-01,42.36026445465146,42.71551921880079,-2449.521120239282,signal
MSFT,SHORT,2022-03-08,2022-03-16,267.6523416657214,279.84801058079006,-3308.490727193508,stop_loss
JPM,SHORT,2022-03-08,2022-03-16,115.77433646293828,122.1369702469843,-8647.429281562101,stop_loss
XOM,LONG,2022-03-02,2022-04-11,69.31072158269767,73.76518075324545,13305.781462622457,signal
XOM,SHORT,2022-04-26,2022-04-28,71.14237316038185,73.63942375924856,-6359.13702214809,stop_loss
AAPL,SHORT,2022-05-13,2022-05-19,141.62245981596948,135.34582477135058,1884.21840267456,take_profit
JNJ,LONG,2022-04-20,2022-06-10,160.5521501800479,151.74229047992182,-7964.871970389751,stop_loss
XOM,LONG,2022-06-08,2022-06-13,89.90620054524689,84.71982714678134,-2228.168622215817,stop_loss
JPM,LONG,2022-05-26,2022-06-13,115.48989780892865,103.96083495146499,-5156.9690793640475,stop_loss
JNJ,SHORT,2022-06-21,2022-06-22,151.39619097361592,154.54642082662463,-1939.8837058996723,stop_loss
WMT,SHORT,2022-05-18,2022-06-28,40.55328799693878,39.48583922152061,1610.7983785634278,signal
JNJ,LONG,2022-06-24,2022-06-28,160.28934610781542,156.5271974722703,-5208.833051858615,stop_loss
WMT,LONG,2022-06-28,2022-06-30,39.48583922152061,38.28853764356904,-1615.8117483433234,signal
JPM,SHORT,2022-06-14,2022-07-01,103.95622759852188,101.34718853115356,1721.6604731535772,signal
MSFT,SHORT,2022-05-13,2022-07-07,247.94931299700548,256.0304226841945,684.0702596137271,signal
WMT,SHORT,2022-06-30,2022-07-11,38.28853764356904,39.599882081980205,-2660.4472832166066,signal
WMT,LONG,2022-07-11,2022-07-27,39.599882081980205,38.40256867420136,-7859.010382171924,signal
MSFT,SHORT,2022-07-27,2022-07-28,252.2062272013175,260.5016528744498,-4114.165911588236,signal
WMT,SHORT,2022-07-27,2022-07-28,38.40256867420136,40.97373262524198,-15761.106051456503,stop_loss
XOM,SHORT,2022-06-27,2022-07-29,76.2843174009722,82.98668806418422,-10040.161856569553,stop_loss
WMT,LONG,2022-08-17,2022-08-17,44.08297257415358,45.35574060002202,1693.6593945631466,take_profit
JNJ,SHORT,2022-08-15,2022-08-25,147.18457815864474,148.12885565508904,-1400.3293115895358,signal
MSFT,LONG,2022-07-28,2022-09-01,260.5016528744498,250.5253477936383,-6681.43300219666,signal
XOM,LONG,2022-08-30,2022-09-07,86.27981238537502,81.74476487500871,-7894.772995721898,signal
JPM,SHORT,2022-09-19,2022-09-21,105.28420681805444,102.41325273342848,2330.603933516133,take_profit
MSFT,SHORT,2022-09-14,2022-09-23,245.3574916342139,228.6394801222861,5880.3083216941595,take_profit
AAPL,SHORT,2022-09-14,2022-09-30,151.82370097735972,136.66427090058193,7715.296872013962,take_profit
JNJ,LONG,2022-11-11,2022-11-11,154.18079312608344,149.17388713649473,-6325.158865645819,stop_loss
JPM,LONG,2022-11-02,2022-11-15,116.89458657625418,123.33224475737065,6991.072574085309,signal
JNJ,SHORT,2022-11-14,2022-11-21,151.96709900789023,158.01481370147962,-8268.475682943012,stop_loss
XOM,LONG,2022-10-24,2022-11-28,92.68324140941536,97.85060542887716,15270.233880304848,signal
JPM,LONG,2022-11-16,2022-11-30,121.79381709534634,124.62345411287608,1913.2224959628948,signal
JPM,LONG,2022-12-01,2022-12-05,126.53735571880368,121.89713659750137,-2704.851096335522,stop_loss
XOM,LONG,2022-12-01,2022-12-05,98.71715098323811,95.85943045888176,-1555.5357379299821,stop_loss
AAPL,LONG,2022-11-22,2022-12-07,145.5323481888436,139.69653991914743,-2306.501200849336,signal
MSFT,LONG,2022-12-14,2022-12-19,249.54274040610767,237.634732772192,-4433.252912217606,signal
MSFT,LONG,2023-01-05,2023-01-19,220.4958596008794,226.88172064205048,3039.292993754134,signal
JPM,SHORT,2023-01-18,2023-02-02,128.15468438224798,129.15102752468488,-1476.5907439658185,signal
JNJ,SHORT,2023-02-16,2023-03-01,142.90419000278374,137.9080628443585,11625.509469209996,take_profit
XOM,SHORT,2023-03-10,2023-03-16,97.62339016857555,88.31192956337324,12304.112044455935,take_profit
XOM,SHORT,2023-03-21,2023-03-29,92.82064513210844,96.28681440297478,-1572.1956340963734,signal
WMT,LONG,2023-03-21,2023-03-31,45.33471029477086,47.48741114072879,6112.4365574810945,take_profit
JNJ,LONG,2023-04-06,2023-04-12,150.19346677353724,147.76409155657254,-1909.8468082164181,stop_loss
JPM,SHORT,2023-03-14,2023-04-17,124.79680077123248,130.11811113901308,-3658.8502990970155,signal
AAPL,LONG,2023-04-14,2023-04-26,161.9506163702145,160.44513945575562,-392.7354699254065,signal
XOM,LONG,2023-04-04,2023-05-01,103.59342411420616,103.35284386071824,64.90795210669603,signal
AAPL,LONG,2023-04-27,2023-05-03,162.5409858833323,168.16846273590465,1094.1570169092447,take_profit
JPM,LONG,2023-04-17,2023-05-04,130.11811113901308,123.57726251457059,-3039.713270667031,stop_loss
WMT,LONG,2023-05-19,2023-05-24,48.72868812840719,47.215211321659474,-4396.436100667517,stop_loss
MSFT,LONG,2023-05-05,2023-05-26,297.4420521379096,322.23773221805,4209.614714228257,take_profit
MSFT,SHORT,2023-06-01,2023-06-01,317.7980281716673,323.9689189261252,-821.7736837366829,stop_loss
JNJ,SHORT,2023-05-26,2023-06-06,141.0249121163373,145.48290761503986,-6115.893470638664,signal
JPM,LONG,2023-07-03,2023-07-06,135.9197495657775,133.08613952889056,-2650.6397443367896,stop_loss
XOM,SHORT,2023-07-07,2023-07-12,91.60380590421694,96.26356954267617,-8496.221256498713,stop_loss
MSFT,LONG,2023-06-14,2023-07-14,325.9982202996805,338.91759393807007,3033.610857750471,signal
AAPL,LONG,2023-06-29,2023-07-19,186.3052137668684,190.26624291356023,2410.201321348868,signal
JPM,LONG,2023-07-13,2023-07-20,139.20287398923173,144.66054822938762,3575.5654549485043,signal
JNJ,LONG,2023-06-06,2023-07-20,145.48290761503986,147.6344377593021,855.2291067162296,signal
JNJ,LONG,2023-07-21,2023-07-24,153.3232216804875,157.54548255854743,4349.316846009315,take_profit
JPM,LONG,2023-07-21,2023-07-28,145.84939849751257,147.23489895405842,771.5214852698991,signal
AAPL,LONG,2023-07-20,2023-08-04,192.22701989757812,182.797485975556,-12708.04754203587,stop_loss
JPM,LONG,2023-07-31,2023-08-07,147.14124846387747,146.59832234097993,-887.6744450374972,signal
JNJ,SHORT,2023-08-07,2023-08-07,154.5174955427848,157.31099332917606,-3568.578974609147,stop_loss
JPM,LONG,2023-08-08,2023-08-15,144.46393710846394,140.82143712547474,-2916.729331913157,stop_loss
WMT,LONG,2023-08-17,2023-08-17,51.970392102062085,50.57989137331469,-4006.254513080785,stop_loss
XOM,LONG,2023-08-01,2023-08-23,96.12469484524708,96.99422560801206,975.6301032237534,signal
AAPL,SHORT,2023-08-07,2023-08-30,179.45720585194456,184.83107695187866,-4623.253759698418,stop_loss
WMT,SHORT,2023-08-18,2023-08-30,50.16483465967292,51.83141904542336,-5770.612188887229,stop_loss
WMT,SHORT,2023-10-09,2023-10-10,50.09054978186695,50.85627052209757,-3444.3414685569005,stop_loss
XOM,LONG,2023-09-06,2023-10-11,102.82982045010743,95.15663435640931,-11648.374658158078,stop_loss
JNJ,SHORT,2023-10-19,2023-10-27,139.27562199851045,135.29441549946404,7117.771218741371,take_profit
JPM,LONG,2023-11-30,2023-12-12,146.08629666666795,150.42956761205608,2788.445402964804,take_profit
AAPL,LONG,2023-12-06,2023-12-20,192.1079050949125,194.5283508193705,870.0483326261456,signal
XOM,SHORT,2023-11-06,2024-01-02,98.01816786194084,92.2848115433436,5147.1070437326125,signal
JNJ,LONG,2023-12-04,2024-01-09,146.25019572892217,150.12357218206475,4175.990462036105,take_profit
AAPL,SHORT,2024-01-05,2024-01-19,179.79795220853848,187.0495648712278,-6664.123742694501,stop_loss
JNJ,SHORT,2024-02-05,2024-02-23,144.96356756833103,150.04687807561612,-6551.716876321996,stop_loss
JPM,LONG,2024-02-16,2024-03-05,170.42382695213206,179.36328121950697,7320.867955034701,take_profit
WMT,LONG,2024-02-21,2024-03-12,56.73459899334282,59.76233090197394,6006.988630177351,take_profit
AAPL,SHORT,2024-03-05,2024-03-20,168.9184826327907,176.6152395844339,-4358.33741601136,stop_loss
MSFT,LONG,2024-02-07,2024-03-26,398.9235343367266,417.4843332386425,2696.7495761991304,signal
XOM,LONG,2024-03-15,2024-04-02,102.3072089765779,109.66390946993569,4317.539807630819,take_profit
JPM,SHORT,2024-04-15,2024-04-24,176.08490791538944,184.0658119710675,-15192.520863518614,stop_loss
JNJ,SHORT,2024-04-19,2024-05-02,136.30859369386943,141.80196169863976,-4525.537003064688,stop_loss
JPM,LONG,2024-05-17,2024-05-20,194.51414986383685,186.99490157902807,-4023.0571550647437,stop_loss
JNJ,LONG,2024-05-02,2024-05-29,141.80196169863976,135.2197683382552,-6232.436335129794,stop_loss
AAPL,LONG,2024-05-06,2024-06-10,180.3835248162661,195.34036822232463,7167.716871175857,take_profit
WMT,LONG,2024-05-17,2024-06-20,62.90918193574272,66.68950819849046,4996.270036249174,take_profit
XOM,SHORT,2024-05-06,2024-06-21,107.67869655695011,104.1151639731466,4596.944173147858,signal
AAPL,LONG,2024-06-18,2024-06-24,215.53544497511416,205.06547862129102,-3691.161459163559,stop_loss
JPM,SHORT,2024-06-13,2024-06-28,183.54823918155475,192.13803931393144,-5965.201316910447,stop_loss
JNJ,LONG,2024-07-18,2024-08-02,146.295327067016,154.01828562742986,8528.977849898423,take_profit
MSFT,SHORT,2024-07-26,2024-08-05,410.9557219733021,379.9991107443978,10362.556568458342,take_profit
JPM,SHORT,2024-08-06,2024-08-12,187.5210898263343,198.58805655468916,-5944.019649723516,stop_loss
AAPL,SHORT,2024-08-06,2024-08-13,203.3615005314145,218.23110785642214,-5452.379275516883,stop_loss
WMT,SHORT,2024-08-01,2024-08-15,67.48244082958264,72.58450760839044,-5110.082052422775,stop_loss
WMT,LONG,2024-08-16,2024-09-10,71.3968513239869,76.50026824262888,7571.509607824264,take_profit
XOM,SHORT,2024-09-11,2024-09-19,103.9028930615489,109.70161871904155,-6412.961852271779,stop_loss
JPM,LONG,2024-10-14,2024-11-06,215.51278305488955,231.64506157293326,33272.12429933337,take_profit
WMT,LONG,2024-11-11,2024-11-22,83.42727207057064,87.86992716215663,14103.426884290471,take_profit
JPM,LONG,2024-11-25,2024-12-18,240.99386567944467,228.4047271815718,-7354.495269372506,stop_loss
JPM,SHORT,2024-12-19,2025-01-03,224.2703921842892,235.49019093770127,-7933.16557043315,stop_loss
AAPL,LONG,2024-12-20,2025-01-10,246.2529520123801,236.9432233867326,-3747.27532376787,stop_loss
AAPL,SHORT,2025-01-17,2025-01-31,230.44764042021455,245.40906406001392,-8141.666434446728,stop_loss
XOM,SHORT,2024-12-12,2025-01-31,105.52263755270522,104.5391837253997,3661.2034541766043,signal
MSFT,SHORT,2024-12-23,2025-02-12,430.8087137218764,401.67976029438313,4828.575529284732,signal
WMT,LONG,2025-02-04,2025-02-21,98.39556429086444,95.00973920349958,-6395.755939729308,signal
JNJ,LONG,2025-01-28,2025-02-21,145.7809734783312,155.2139033444347,9803.28735130676,take_profit
JPM,SHORT,2025-02-21,2025-03-04,260.4168749866824,243.11875699611392,7306.1395451249555,take_profit
WMT,SHORT,2025-02-21,2025-03-10,95.00973920349958,87.73672258319857,11500.050916049368,take_profit
JNJ,LONG,2025-03-24,2025-04-01,156.74697070710167,150.13409402777611,-4893.716197935952,stop_loss
AAPL,SHORT,2025-03-12,2025-04-04,218.79423505763876,192.70471987275084,13367.710626678032,take_profit
JNJ,SHORT,2025-04-02,2025-04-09,148.2473671265155,136.87928062605533,7294.756375264056,take_profit
JPM,SHORT,2025-04-04,2025-04-09,210.25535885692955,227.10854577100395,-6398.728298290516,stop_loss
XOM,SHORT,2025-04-07,2025-04-17,95.78073784210038,102.43029426372242,-5207.682871681689,stop_loss
WMT,LONG,2025-04-10,2025-05-02,87.5724090057897,97.904960441473,8281.902783808138,take_profit
MSFT,LONG,2025-05-12,2025-06-23,440.7658165502587,481.0301379263459,21185.412678202905,take_profit
XOM,LONG,2025-06-23,2025-06-24,112.36736767540006,105.19395236311244,-12986.465763310582,stop_loss
XOM,SHORT,2025-07-21,2025-07-29,103.60520798430052,108.77481231521213,-8407.328852833103,stop_loss
MSFT,LONG,2025-07-31,2025-07-31,549.7952354974353,533.1465823469075,-3431.2654568191356,stop_loss
JNJ,LONG,2025-07-17,2025-08-11,158.42083333055885,169.02327158576068,7028.557219652706,take_profit
WMT,LONG,2025-08-07,2025-08-21,102.35712395786742,97.76618210585248,-3023.712060228485,stop_loss
JPM,SHORT,2025-08-04,2025-09-04,284.81135364584816,297.93026369132,-4678.500125442602,stop_loss
AAPL,LONG,2025-08-11,2025-09-11,227.08116933177635,226.04500979013488,-176.44014194594638,signal
WMT,SHORT,2025-08-22,2025-09-12,97.2511902406106,102.35159215563094,-4660.37400007277,stop_loss
AAPL,SHORT,2025-09-11,2025-09-16,226.04500979013488,237.3595962613089,-3430.4999907967867,stop_loss
JNJ,LONG,2025-09-03,2025-10-01,173.754312735633,182.2574537197507,4405.749601540127,take_profit
MSFT,SHORT,2025-08-27,2025-10-06,497.90339657266526,518.4747779594293,-1441.7258969421891,stop_loss
AAPL,LONG,2025-09-23,2025-10-31,254.9382515607796,275.9705701844509,44920.89745483827,take_profit
JPM,SHORT,2025-11-25,2025-12-04,295.84892096661844,312.8578078423882,-10827.324763393379,stop_loss
JNJ,LONG,2025-11-18,2025-12-11,194.62400687307817,205.22429391578072,20794.329111184255,take_profit
AAPL,LONG,2025-11-25,2026-01-07,274.52277261748515,260.8359480370758,-6889.699369460592,stop_loss
MSFT,SHORT,2026-01-22,2026-01-23,444.79810039972057,467.13907858061344,-5532.841002858957,stop_loss
AAPL,SHORT,2026-01-21,2026-01-27,248.02490552393743,259.65263101264424,-7342.464144469413,stop_loss
JNJ,LONG,2026-01-21,2026-01-27,207.65991685181095,220.42698624598816,5011.120057635897,take_profit
WMT,LONG,2025-12-12,2026-01-29,114.53064990474236,115.71312126722276,21460.9251947195,signal
XOM,LONG,2026-01-15,2026-01-29,126.59051513671876,137.6051729755003,18014.55210280388,take_profit
AAPL,LONG,2026-02-05,2026-02-12,277.37501624935936,263.51926468864775,-5548.092874436639,stop_loss
WMT,LONG,2026-02-04,2026-03-19,127.31922282526648,120.01716391513646,-7013.721917936811,stop_loss
XOM,LONG,2026-03-20,2026-03-30,157.25745219688022,173.23853883226113,13327.263956091818,take_profit
JPM,SHORT,2026-03-12,2026-04-08,280.1279843639117,306.5888366699219,-12283.66579775991,stop_loss
JNJ,SHORT,2026-02-23,2026-04-14,239.77338707530683,232.5193972079424,1374.4616069276235,signal
AAPL,SHORT,2026-03-23,2026-04-17,253.51758537106093,267.06012810238553,-9120.072852385842,stop_loss
MSFT,LONG,2026-04-16,2026-06-01,418.16537187855886,463.9665838370572,32573.96989783965,take_profit
AAPL,LONG,2026-06-01,2026-06-09,309.363197507879,295.6677537626191,-9204.561440249468,stop_loss
AAPL,SHORT,2026-06-26,2026-07-01,274.7630284991681,293.1871503157195,-18851.81365399511,stop_loss
WMT,SHORT,2026-05-27,2026-07-13,118.04739180401025,114.4559909872762,6506.507733111677,signal
MSFT,LONG,2026-07-31,2026-08-10,449.1544591210436,506.224368774349,13470.004091731098,take_profit
JPM,LONG,2026-07-10,2026-08-12,337.4700012207031,363.5376534989332,16951.28168171193,take_profit
XOM,LONG,2026-07-29,2026-09-14,156.7053073348219,168.6999969482422,12187.402558946662,signal
