ticker,test_start,is_calmar,is_annual_return,oos_calmar,oos_annual_return,period
AAPL,2019-01-02,10.221098455327757,0.23811940794725106,0.0,0.0,train
AAPL,2019-02-01,9.954268669485055,0.27380555567719767,0.0,0.0,train
AAPL,2019-03-01,8.671789607221557,0.39994864205204905,19.848599579643714,0.7637730083638488,train
AAPL,2019-04-01,16.913709758668016,0.16913709758668016,54.67266738950469,0.5467266738950469,train
AAPL,2019-05-01,15.096061051065275,0.44635951154666986,18.291401641981043,0.18291401641981042,train
AAPL,2019-06-03,8.148155651812598,0.29039118045841783,-7.58532035094244,-0.6397714724354782,train
AAPL,2019-07-01,14.095517956564663,0.29267005852971373,0.0,0.0,train
AAPL,2019-08-01,10.938737223400041,0.10938737223400041,-9.83107032200067,-0.2923009032910667,train
MSFT,2019-01-02,1.2582252533946356,0.042716318714174806,0.0,0.0,train
MSFT,2019-02-01,3.1586506364453366,0.2508990173736265,0.0,0.0,train
MSFT,2019-03-01,-0.4953381142320282,-0.06039204382400487,10.302553569269753,0.2179101823278622,train
MSFT,2019-04-01,4.261964784154816,0.23636428641385931,81.80543952295156,0.8180543952295156,train
MSFT,2019-05-01,9.000382825068549,0.293907125739592,0.0,0.0,train
MSFT,2019-06-03,5.629400864246107,0.08279931746014224,-8.91838092415145,-0.09089368100106299,train
MSFT,2019-07-01,1.4152340927315719,0.06095910456373388,-5.605019051303822,-0.14414942999368607,train
MSFT,2019-08-01,11.007701397593046,0.36631624707315513,-10.753136330838734,-0.13085790319819057,train
JPM,2019-01-02,10.989490957859532,0.2338599441875655,35.23599730935851,0.35706464057650944,train
JPM,2019-02-01,4.943431011228313,0.19186772192636625,3.4954692692708607,0.06260999237838138,train
JPM,2019-03-01,19.453657670045928,0.22682402298499804,1.2795514745137084,0.02446356814741213,train
JPM,2019-04-01,12.407062173549942,0.12407062173549943,8.577727152237324,0.08577727152237324,train
JPM,2019-05-01,8.496524187650188,0.14208036297314242,5.337694389018293,0.060920846601042244,train
JPM,2019-06-03,22.895378691579378,0.3954261121078997,-11.194740797561337,-0.23134829080018948,train
JPM,2019-07-01,21.356762608871225,0.21356762608871227,0.0,0.0,train
JPM,2019-08-01,22.198999905565174,0.22198999905565175,-2.131915552480669,-0.058693682699519356,train
XOM,2019-01-02,5.420746972199653,0.054207469721996526,-5.865402930902818,-0.05865402930902819,train
XOM,2019-02-01,4.502349301796965,0.05809750181586648,3.937691013014382,0.05078734132109508,train
XOM,2019-03-01,6.0038949978216145,0.3239831403029365,0.0,0.0,train
XOM,2019-04-01,3.707835562939012,0.15939418270111472,0.0,0.0,train
XOM,2019-05-01,13.831998842345044,0.17776942661944561,31.232478299811927,0.3123247829981193,train
XOM,2019-06-03,13.55244211547564,0.26013880877419937,-5.158522501084284,-0.05158522501084284,train
XOM,2019-07-01,7.103679632927951,0.0710367963292795,-7.596721187826866,-0.1045201494816358,train
XOM,2019-08-01,13.524729926980775,0.21346327954428346,12.421240716301195,0.12421240716301196,train
JNJ,2019-01-02,15.686689321625677,0.16049973287512675,-11.22332566182815,-0.2268680685560016,train
JNJ,2019-02-01,2.949708478043577,0.10833590256224235,-9.400692745378134,-0.1400874773568923,train
JNJ,2019-03-01,21.918989328673355,0.26797334497668657,-10.202160011823969,-0.10202160011823969,train
JNJ,2019-04-01,8.936169297169341,0.14165642934990186,0.0,0.0,train
JNJ,2019-05-01,4.287320982396746,0.1368945016987777,0.7002302259124127,0.007002302259124127,train
JNJ,2019-06-03,8.832020241235377,0.17685091047211743,-9.49470695178384,-0.4794763550488843,train
JNJ,2019-07-01,-1.64332424947928,-0.10517668713976103,5.934427148705428,0.13071390408017347,train
JNJ,2019-08-01,4.296216252443753,0.052921580048953754,-5.517432948858977,-0.08736486995321946,train
WMT,2019-01-02,34.346690018987,0.5532976410420627,-5.0972583264423195,-0.2954973928423753,train
WMT,2019-02-01,17.708131358208057,0.291271874371112,-9.164924211564257,-0.21294733282723588,train
WMT,2019-03-01,5.189432734895338,0.051894327348953384,-7.246198913541788,-0.17958031315925793,train
WMT,2019-04-01,6.725350595832058,0.23880763302419106,-8.283126901971283,-0.08283126901971283,train
WMT,2019-05-01,1.8033858482414755,0.06893507009199284,19.90853388875515,0.3097459629912034,train
WMT,2019-06-03,2.325414688384709,0.08693774896329609,-11.375095314622605,-0.20291857551000614,train
WMT,2019-07-01,-0.9650366312054152,-0.013529033443874239,0.0,0.0,train
WMT,2019-08-01,15.65516533410718,0.1565516533410718,10.357595710691022,0.2313003281581667,train
AAPL,2019-09-03,0.45835342752990316,0.024917294376143095,0.0,0.0,train
AAPL,2019-10-01,7.555760674000883,0.10554720265620343,0.0,0.0,train
AAPL,2019-11-01,0.3518537202522053,0.015186137272308553,28.34810444251754,0.2984369392850945,train
AAPL,2019-12-02,6.105423404597876,0.188692373556145,5.006398663905916,0.15686609975131005,train
AAPL,2020-01-02,14.531035865008375,0.3495024495975405,-8.188836503532318,-0.5218779071289228,train
AAPL,2020-02-03,2.6920384093007015,0.033646837053897594,-9.212477743908154,-0.5739207496207356,train
AAPL,2020-03-02,25.602131217542848,0.6344541744894536,-6.3573084469067505,-0.703961207775964,train
AAPL,2020-04-01,21.444306779044187,0.21444306779044187,-5.677263054555213,-0.6234442644690705,train
MSFT,2019-09-03,4.633524201503031,0.08261272424034072,0.0,0.0,train
MSFT,2019-10-01,7.868447483797197,0.17381565159699264,0.0,0.0,train
MSFT,2019-11-01,4.872652310095973,0.069552374710246,16.75847104431778,0.1675847104431778,train
MSFT,2019-12-02,6.428298885193429,0.06428298885193429,-1.4998392831050644,-0.014998392831050644,train
MSFT,2020-01-02,6.9644985663146075,0.09036252053870641,20.16993093870998,0.5270605698733946,train
MSFT,2020-02-03,10.468496195288225,0.2603277800932151,90.72395211843343,0.9072395211843343,train
MSFT,2020-03-02,33.01917610181244,0.3301917610181244,0.0,0.0,train
MSFT,2020-04-01,36.94535546365851,0.6170721922649549,0.0,0.0,train
JPM,2019-09-03,21.67323735026261,0.22529105646883374,-8.118441030582675,-0.2004870309545841,train
JPM,2019-10-01,-1.0201887515484975,-0.09543335599876468,18.263828782527842,0.2590497745795879,train
JPM,2019-11-01,2.1729478918115777,0.09029278150233133,29.598524780685953,0.3795810971200415,train
JPM,2019-12-02,14.514663199481898,0.21387912642200413,25.85736074568836,0.2585736074568836,train
JPM,2020-01-02,12.422807970888352,0.23093332658818588,10.019433421893375,0.10019433421893376,train
JPM,2020-02-03,9.082609302619487,0.10854305894829186,174.9719804818344,2.878476415611298,train
JPM,2020-03-02,11.373870909014512,0.14261369178044525,15.897181538688814,0.16158075941082473,train
JPM,2020-04-01,17.35464488533063,0.17354644885330628,-5.102604264300844,-0.41399668290115477,train
XOM,2019-09-03,14.459277470963327,0.20517126053909363,-10.431024276039793,-0.34737444529676487,train
XOM,2019-10-01,6.9701504817858195,0.0737260794410628,-9.533592942556368,-0.27035546639002395,train
XOM,2019-11-01,7.050770150247235,0.08692851677642888,0.0,0.0,train
XOM,2019-12-02,2.023312730369017,0.06683674274360607,0.0,0.0,train
XOM,2020-01-02,-0.5646769937356102,-0.01345406794714632,-9.926821657549345,-0.09926821657549345,train
XOM,2020-02-03,7.182455952597203,0.13913290722396443,18.480449054845238,0.2906193913963875,train
XOM,2020-03-02,6.123259341162274,0.29149136724820046,104.2309283653136,1.042309283653136,train
XOM,2020-04-01,28.031946636218365,0.39789419408002713,0.0,0.0,train
JNJ,2019-09-03,2.3127023122124437,0.030160808927362615,-4.104240364262085,-0.10260823075936398,train
JNJ,2019-10-01,0.6516974825953729,0.025775344541273837,-6.101174916621806,-0.07082723286072934,train
JNJ,2019-11-01,2.723784381258979,0.04930785210681621,0.0,0.0,train
JNJ,2019-12-02,0.8216152272176779,0.027192218147232605,9.70837641833362,0.0970837641833362,train
JNJ,2020-01-02,6.397410106372933,0.09768799536414474,-10.939673648677424,-0.11309640117743991,train
JNJ,2020-02-03,8.10578132861008,0.08379453051963592,42.94852287298678,0.42948522872986783,train
JNJ,2020-03-02,10.330638157361726,0.10330638157361727,0.0,0.0,train
JNJ,2020-04-01,15.056193107602008,0.5713781769518866,-0.6015130720610314,-0.021132512453712282,train
WMT,2019-09-03,2.596516012483681,0.030131015002853534,8.935492456412275,0.08935492456412275,train
WMT,2019-10-01,3.451877615760861,0.17448115574076395,0.0,0.0,train
WMT,2019-11-01,11.002185396764414,0.25183971182932896,0.0,0.0,train
WMT,2019-12-02,7.9491947942135965,0.08317601420956322,0.0,0.0,train
WMT,2020-01-02,7.643710993015641,0.13214322187715677,0.0,0.0,train
WMT,2020-02-03,2.063720725644602,0.020637207256446022,-8.44776678262212,-0.6600980440624228,train
WMT,2020-03-02,5.258924554251611,0.08562694854688457,-6.412671760941516,-0.39665076287258805,train
WMT,2020-04-01,-1.115389660849396,-0.15402876120709386,75.90918675214364,1.4194890213162417,train
AAPL,2020-05-01,1.289492525720134,0.02120492936632057,0.0,0.0,train
AAPL,2020-06-01,11.735092849543637,1.424376809950699,15.239843459496136,0.5313366043744598,train
AAPL,2020-07-01,11.040175067657032,0.38685250324381615,-4.891722271346379,-0.49142232639442074,train
AAPL,2020-08-03,16.061596530351153,0.20819652272527422,40.986202338145446,0.7609509046826166,train
AAPL,2020-09-01,3.798829789597349,0.4734507908328123,-9.989737439164175,-0.3400581474394867,train
AAPL,2020-10-01,23.361010942736467,0.8195675080312359,-6.588521681765121,-0.14517875620432164,train
AAPL,2020-11-02,5.728810216282486,0.6253195191214918,0.0,0.0,train
AAPL,2020-12-01,22.957968316820246,0.24397150482518537,0.0,0.0,train
MSFT,2020-05-01,31.97362064088236,0.5160359929756242,0.0,0.0,train
MSFT,2020-06-01,13.082157243943513,0.18189269245407091,18.0261245500246,0.23297931169395492,train
MSFT,2020-07-01,29.56508518457972,0.2956508518457972,3.393056276308659,0.03393056276308659,train
MSFT,2020-08-03,15.343733611620078,0.16730563277356048,0.0,0.0,train
MSFT,2020-09-01,11.22807402064705,0.3260139142450502,0.0,0.0,train
MSFT,2020-10-01,17.833434419692672,0.7301518373352973,0.0,0.0,train
MSFT,2020-11-02,8.696878407872259,0.12645907239859455,0.0,0.0,train
MSFT,2020-12-01,2.1160540745042393,0.04639817959273995,0.0,0.0,train
JPM,2020-05-01,13.178618936772656,0.13178618936772657,10.390055121581733,0.9183878310902098,train
JPM,2020-06-01,11.197672156933164,0.4505456869215796,-1.755378509347951,-0.3081302704840305,train
JPM,2020-07-01,5.822541135845822,0.9703741974080502,17.70216487545805,0.6563225514559818,train
JPM,2020-08-03,9.208190535465855,0.5387835119299842,-6.122615050040236,-0.48687185918321496,train
JPM,2020-09-01,12.55110993838431,1.3858155405105936,51.0133552858959,0.510133552858959,train
JPM,2020-10-01,2.340567919481609,0.20658835359385153,0.0,0.0,train
JPM,2020-11-02,5.910168395337019,0.5221105869635021,13.421755594009143,0.41999672267358346,train
JPM,2020-12-01,1.3128885576951657,0.09073127588352592,14.32926899131508,0.1432926899131508,train
XOM,2020-05-01,11.516070864339266,0.18316236589692902,0.0,0.0,train
XOM,2020-06-01,18.363680436028677,0.4484120635242699,0.0,0.0,train
XOM,2020-07-01,14.379255314992989,0.3249579740689228,0.0,0.0,train
XOM,2020-08-03,9.129529079374999,0.7404576414834165,0.0,0.0,train
XOM,2020-09-01,17.249644184002147,1.5801651917782618,0.0,0.0,train
XOM,2020-10-01,18.77909105739946,0.5066144466002986,0.0,0.0,train
XOM,2020-11-02,14.82631704950822,0.3043964607533878,-2.908693221723642,-0.22623563574906957,train
XOM,2020-12-01,0.785957901551652,0.05421031577977442,28.50830434207709,1.532494025811892,train
JNJ,2020-05-01,5.639527499371969,0.16170769856340939,-0.6290725873010738,-0.021493465693621983,train
JNJ,2020-06-01,26.239280970756496,0.26239280970756496,-10.212280682899745,-0.22706440185097632,train
JNJ,2020-07-01,12.482138243460138,0.12482138243460139,-8.7406778150379,-0.087406778150379,train
JNJ,2020-08-03,7.193354474914246,0.18178617684778642,1.6308661193307872,0.016308661193307872,train
JNJ,2020-09-01,9.100856048329701,0.13050056403858923,10.878276649724084,0.18547263598425712,train
JNJ,2020-10-01,18.83397110463524,0.3903983697710567,0.0,0.0,train
JNJ,2020-11-02,1.8875219531331011,0.04176104503510247,0.0,0.0,train
JNJ,2020-12-01,10.822295178324971,0.13963020526673464,0.0,0.0,train
WMT,2020-05-01,2.6456463642994064,0.12533699703533752,-5.272138594436543,-0.18128154469051383,train
WMT,2020-06-01,1.6243905853889644,0.032128870855501424,14.482137022182021,0.29044270279607254,train
WMT,2020-07-01,6.576589309484835,0.10757898920311515,-4.7417163603887875,-0.2947246132958826,train
WMT,2020-08-03,5.109933460756209,0.3090319274962199,-11.344065564640948,-0.11344065564640948,train
WMT,2020-09-01,12.68451009101488,0.1618665003398665,45.24401166036831,0.4524401166036831,train
WMT,2020-10-01,10.658899409691253,0.38609704368213116,-5.312198002428961,-0.2038963928797689,train
WMT,2020-11-02,7.59557148678199,0.3882010312030617,108.78820951276917,1.2477796269648058,train
WMT,2020-12-01,14.531052480686798,0.15913432560852558,-1.0135992497484856,-0.013698110076364789,train
AAPL,2021-01-04,22.38487046322206,0.38078692539782066,0.0,0.0,train
AAPL,2021-02-01,38.57112898748658,0.3857112898748658,0.0,0.0,train
AAPL,2021-03-01,3.0473989401118984,0.3969844256657433,0.0,0.0,train
AAPL,2021-04-01,-0.12373616112260787,-0.008378841132846815,-4.125685994866934,-0.041256859948669344,train
AAPL,2021-05-03,-0.026706489725495854,-0.0013684389981977185,14.410438842351141,0.30151414309213886,train
AAPL,2021-06-01,4.040434137834521,0.18268921417683193,44.955166366532715,0.4495516636653272,train
AAPL,2021-07-01,5.338817958162765,0.23023669340200392,-1.729964179289954,-0.041292576752850474,train
AAPL,2021-08-02,11.410203988407186,0.19362627406471233,-9.684136682747804,-0.15774229729277078,train
MSFT,2021-01-04,0.18097705884747353,0.02131560738153504,16.709808372375004,0.44315380550293293,train
MSFT,2021-02-01,5.575843183825671,0.30994428281508,-2.021055802763248,-0.12559011979962542,train
MSFT,2021-03-01,0.7012698782245474,0.02094767155481425,-3.3076273950906825,-0.07202822094094963,train
MSFT,2021-04-01,0.9193089745651266,0.10650227108276233,-11.218510610491522,-0.1383696138386301,train
MSFT,2021-05-03,-1.8914104146408834,-0.0909135515091617,-9.248714456387265,-0.1977190249952353,train
MSFT,2021-06-01,5.88610369678123,0.0839768714889837,-7.226879461876348,-0.18236371642823856,train
MSFT,2021-07-01,6.4849837567731825,0.18468046726624276,12.046623048859457,0.1420484755071323,train
MSFT,2021-08-02,2.6980053381588944,0.03565684045269868,13.251267068153881,0.1690648255412721,train
JPM,2021-01-04,7.974061112024432,0.4162668199788837,0.0,0.0,train
JPM,2021-02-01,19.137948965288377,0.19137948965288376,0.0,0.0,train
JPM,2021-03-01,40.596354290032856,0.5303847633511336,25.24136181387063,0.2619676219197766,train
JPM,2021-04-01,11.985292999150234,0.3073433879432841,-10.792883632031824,-0.2105008855149555,train
JPM,2021-05-03,3.5240416630273903,0.14376678613307559,0.0,0.0,train
JPM,2021-06-01,8.668541006780469,0.30853601028380306,21.237259708164693,0.3569799638762703,train
JPM,2021-07-01,5.104164161798483,0.20735247584128658,0.0,0.0,train
JPM,2021-08-02,12.786572412846418,0.15944885710191903,0.0,0.0,train
XOM,2021-01-04,5.208195198039463,0.5327735802374287,-5.295701606529742,-0.5119944074346163,train
XOM,2021-02-01,4.622051329623642,0.48648105012262155,69.31091022102092,1.23555402866146,train
XOM,2021-03-01,2.1255281776426673,0.08633754528597337,0.0,0.0,train
XOM,2021-04-01,11.158358571045525,0.4544290090280292,-10.832409491966539,-0.20390137494162397,train
XOM,2021-05-03,18.44718954377991,0.45106605875200323,30.147089458761684,0.6200767572917869,train
XOM,2021-06-01,27.44485692531806,0.2744485692531806,5.503489913666609,0.1148040029573556,train
XOM,2021-07-01,11.265444798994148,0.30417832480927576,0.0,0.0,train
XOM,2021-08-02,7.77969912166201,0.18904345652477983,0.0,0.0,train
JNJ,2021-01-04,1.439404433054427,0.04643937362129358,-11.741399446839205,-0.23673511897631272,train
JNJ,2021-02-01,10.313471861936312,0.24946346724812507,0.0,0.0,train
JNJ,2021-03-01,7.689993440315121,0.07985246169097882,19.6553412233325,0.196553412233325,train
JNJ,2021-04-01,8.168078876116743,0.0965121505387736,-7.267418738559872,-0.07267418738559872,train
JNJ,2021-05-03,0.7994499273048361,0.0401717778753623,16.964181844325466,0.16964181844325465,train
JNJ,2021-06-01,3.489949739928884,0.1690178769656525,-9.770760225989072,-0.09770760225989072,train
JNJ,2021-07-01,10.870614990204984,0.23342602920851174,-10.938361623275116,-0.1861101590785802,train
JNJ,2021-08-02,3.0134643168723763,0.0651839499575455,0.0,0.0,train
WMT,2021-01-04,7.804348315817976,0.2967804644928156,-5.090279621339244,-0.15667629671294014,train
WMT,2021-02-01,8.402785618553448,0.13205742796107156,3.653741170690623,0.07507280374325664,train
WMT,2021-03-01,0.24426304446434113,0.005074006467692627,-4.808397910982614,-0.21043229509461092,train
WMT,2021-04-01,6.561248809978295,0.16865520991838623,-6.606003684271516,-0.186315748864754,train
WMT,2021-05-03,6.353921645345952,0.06528285146898316,-7.4237911735018205,-0.28611417567756225,train
WMT,2021-06-01,-500.5072141675062,0.08019486794665487,-9.394183756626843,-0.36434305069563433,train
WMT,2021-07-01,1.831178921150567,0.03182613991472527,0.0,0.0,train
WMT,2021-08-02,9.961429033235136,0.09961429033235136,33.42057916974868,0.33420579169748676,train
AAPL,2021-09-01,4.384987539216461,0.09287327520822575,0.0,0.0,train
AAPL,2021-10-01,9.64116714081591,0.16250718375795015,-5.582613487227604,-0.370084278184452,train
AAPL,2021-11-01,10.025964331041692,0.10919212006107593,12.807661322085583,0.2807844930156349,train
AAPL,2021-12-01,7.769033348418628,0.18218486209374696,-9.517065859397908,-0.3443799859400667,train
AAPL,2022-01-03,6.842365308315651,0.10556202457558861,-9.320225932258488,-0.5027894505340869,train
AAPL,2022-02-01,4.699230783338323,0.10949160334331465,-4.139455930577706,-0.04139455930577707,train
AAPL,2022-03-01,2.836931519239091,0.06997351703581156,0.0,0.0,train
AAPL,2022-04-01,2.5175041568288608,0.07964923642886856,0.0,0.0,train
MSFT,2021-09-01,7.3337483811042,0.1583523890398877,5.9628324987670736,0.19112373494087653,train
MSFT,2021-10-01,17.80534298285977,0.2247640290078179,-6.360256885374784,-0.35667420900394864,train
MSFT,2021-11-01,8.294171651673752,0.18937198163674562,-0.3896494378411669,-0.014453506493021795,train
MSFT,2021-12-01,5.855228948074969,0.22361989504276703,-7.673066721199415,-0.3586559598459066,train
MSFT,2022-01-03,5.9287793247902805,0.1838917806992606,84.32966525621634,0.8432966525621635,train
MSFT,2022-02-01,3.6789911694220967,0.17743708956471815,0.0,0.0,train
MSFT,2022-03-01,7.487928597197374,0.3275239970810162,-7.898313962787362,-0.3972466833880124,train
MSFT,2022-04-01,4.983746459180193,0.24636252243749768,0.0,0.0,train
JPM,2021-09-01,-997.0,-0.056673694779528216,-6.773464402457113,-0.09960573550132601,train
JPM,2021-10-01,-0.11542835259960581,-0.004559764133442501,0.0,0.0,train
JPM,2021-11-01,2.082289558949845,0.06755482390115097,0.0,0.0,train
JPM,2021-12-01,0.6056142543337977,0.030446760124150263,0.0,0.0,train
JPM,2022-01-03,-0.7498957696561054,-0.05778890792893299,-8.446659473765168,-0.24251351376513164,train
JPM,2022-02-01,0.7079981337112676,0.04837992511589073,0.0,0.0,train
JPM,2022-03-01,1.0474737491308315,0.07767378236046762,-8.60300912567339,-0.19813556989748504,train
JPM,2022-04-01,16.950890329795598,0.24255881075557006,0.0,0.0,train
XOM,2021-09-01,1.3434931696565922,0.10488376233751873,0.0,0.0,train
XOM,2021-10-01,1.0902699803856666,0.02322509388947447,-9.874576755705109,-0.17732854357500172,train
XOM,2021-11-01,2.8406909953835227,0.16352328763280832,1.5134104627454905,0.018623876055699817,train
XOM,2021-12-01,3.998458360297281,0.06233421874538103,-4.676590371400323,-0.05717706147404078,train
XOM,2022-01-03,-1.1896121217907885,-0.0704652826451192,4.081808413463101,0.06422168097338488,train
XOM,2022-02-01,3.1611049661316364,0.24165042347169474,0.0,0.0,train
XOM,2022-03-01,9.028749156637998,0.21115552473330634,2.219112011593995,0.20902042770502272,train
XOM,2022-04-01,8.774135213915981,0.3824037318063327,6.00252969833293,0.1562934215196754,train
JNJ,2021-09-01,3.7474508088093854,0.07025418311431753,56.36333273081866,0.5636333273081866,train
JNJ,2021-10-01,2.1234543569348,0.052954062016323356,-2.0184895842593056,-0.07481533558991726,train
JNJ,2021-11-01,6.985554698038499,0.06985554698038499,30.68514161829039,0.3917646461200961,train
JNJ,2021-12-01,7.033552954566757,0.07033552954566757,-7.77633835018956,-0.0777633835018956,train
JNJ,2022-01-03,4.873813686921194,0.10174811558023489,0.0,0.0,train
JNJ,2022-02-01,0.2063976142555461,0.01057568637899009,0.0,0.0,train
JNJ,2022-03-01,3.5117738080311485,0.045549029571892996,0.0,0.0,train
JNJ,2022-04-01,0.8100767793812104,0.051281296207654536,-4.482389545714907,-0.051251724662650044,train
WMT,2021-09-01,3.3444717422558154,0.08349992923492167,0.0,0.0,train
WMT,2021-10-01,2.527787025196479,0.06629915379697016,16.618594226419468,0.1661859422641947,train
WMT,2021-11-01,1.7187849961025952,0.022293867276381496,-3.368911706345709,-0.1392742482245719,train
WMT,2021-12-01,5.62547985247624,0.05644290971728716,-4.010257594808751,-0.21704730690909824,train
WMT,2022-01-03,-0.6317672028064673,-0.053366386415306555,0.0,0.0,train
WMT,2022-02-01,5.4537957123637515,0.054537957123637515,-1.4402051071080009,-0.03823158112253522,train
WMT,2022-03-01,12.772498349114773,0.12907183219076024,-4.7179816286137655,-0.047179816286137655,train
WMT,2022-04-01,0.8791816794402089,0.03358176454269457,0.0,0.0,train
AAPL,2022-05-02,6.242881336235984,0.062428813362359836,13.404064592778031,0.1340406459277803,train
AAPL,2022-06-01,12.78031520791891,0.14073786794213605,0.0,0.0,train
AAPL,2022-07-01,-0.8449610044018011,-0.06330298774340481,0.0,0.0,train
AAPL,2022-08-01,-500.5973829035647,0.059364218713928496,0.0,0.0,train
AAPL,2022-09-01,6.64591757355096,0.20554510504289358,33.62932508610198,0.9124271906207626,train
AAPL,2022-10-03,11.100172872258556,0.3771590583229063,-2.6942979703377667,-0.06369393883769658,train
AAPL,2022-11-01,4.031315569715036,0.09331970596334238,-8.364737658879546,-0.5736988223008261,train
AAPL,2022-12-01,6.009735947959378,0.158385884371391,28.765981295673853,0.652055627496037,train
MSFT,2022-05-02,4.5626844909351485,0.13173160078048052,-8.00523276335253,-0.23177549564339062,train
MSFT,2022-06-01,2.9946382017241175,0.05075174485485601,8.343742392247226,0.29295730850698853,train
MSFT,2022-07-01,7.054833177713336,0.283020225549909,-4.534696635632516,-0.12409010208523086,train
MSFT,2022-08-01,15.832947330176305,0.15832947330176306,-5.635382165122796,-0.32022507754605645,train
MSFT,2022-09-01,23.961514861540078,0.28902207097383426,27.55849623136049,0.7680713903396104,train
MSFT,2022-10-03,6.943080230448062,0.21063048532766637,0.0,0.0,train
MSFT,2022-11-01,6.575924084170537,0.11458966171662577,0.0,0.0,train
MSFT,2022-12-01,2.1285549116574503,0.08566459666006065,-9.549868240824425,-0.4072075090385453,train
JPM,2022-05-02,9.1386066255665,0.201617827629194,38.74141174144865,0.3874141174144865,train
JPM,2022-06-01,20.342632677485618,0.20342632677485617,8.444564673724969,0.1544673012249682,train
JPM,2022-07-01,15.064877578199745,0.27150411428255383,-10.234805119159354,-0.37600933910321976,train
JPM,2022-08-01,3.3890361391774486,0.21156415754569657,-4.920629765905182,-0.16376470079775485,train
JPM,2022-09-01,0.4531785541386541,0.02225034432577533,16.544012785734267,0.2371534180503334,train
JPM,2022-10-03,1.2462881816499807,0.025796893805541732,0.0,0.0,train
JPM,2022-11-01,-0.12299945280397537,-0.02131203053715569,35.48945967073347,0.3548945967073347,train
JPM,2022-12-01,-0.5492895357704379,-0.07842815674602488,-11.140127692711822,-0.15182824437127107,train
XOM,2022-05-02,8.35685439760374,0.26463976443780224,0.0,0.0,train
XOM,2022-06-01,1.2324736707266095,0.12797691517681287,-3.112293062173796,-0.226828418172505,train
XOM,2022-07-01,15.014743003600437,0.6386291102776236,-6.643891381200335,-0.6504879563898387,train
XOM,2022-08-01,6.33784061855347,0.13215068475146996,-10.121632769474159,-0.16247056171739893,train
XOM,2022-09-01,7.401134468079567,0.12418127439997217,-11.106337688847292,-0.1576059425721248,train
XOM,2022-10-03,0.9620403717778241,0.04749022979096962,25.346189569641165,0.25346189569641164,train
XOM,2022-11-01,-0.4390374897084772,-0.03157737762594737,1.449565552234907,0.027154230481870822,train
XOM,2022-12-01,-1.3674477746764067,-0.17029261242391502,-10.211584877704595,-0.3051521492545267,train
JNJ,2022-05-02,5.410550672130636,0.06654657853622536,0.41265577641807416,0.005607089936438214,train
JNJ,2022-06-01,3.409059812721105,0.04063658917980928,-9.946790564617501,-0.34673593962748717,train
JNJ,2022-07-01,1.252888688019954,0.024441214592266336,0.0,0.0,train
JNJ,2022-08-01,-0.4626068066042539,-0.016545928531688237,-4.491323680821775,-0.05793992453588326,train
JNJ,2022-09-01,11.008140921505335,0.24192363148592566,0.0,0.0,train
JNJ,2022-10-03,2.194492923191125,0.05157069970691053,0.0,0.0,train
JNJ,2022-11-01,2.0360365840623547,0.020671816579994617,-8.493781747696628,-0.5566401259951909,train
JNJ,2022-12-01,-0.8519124998228973,-0.04475495271181962,0.0,0.0,train
WMT,2022-05-02,2.105587183488843,0.12388195397578938,-0.9744809224533842,-0.04267491070866647,train
WMT,2022-06-01,2.7478950413029253,0.10641683884824427,2.3752333526788103,0.09493428779067892,train
WMT,2022-07-01,5.334043414150358,0.11983961717139935,-8.10835528473635,-0.3927588014286104,train
WMT,2022-08-01,1.65618407925488,0.03912733052054107,10.95993070908663,0.1095993070908663,train
WMT,2022-09-01,8.664296594739588,0.2640641335170051,0.0,0.0,train
WMT,2022-10-03,0.005543403265197192,0.0006315325068233513,0.0,0.0,train
WMT,2022-11-01,1.6164457210288365,0.12038240381191279,0.0,0.0,train
WMT,2022-12-01,2.833106789796145,0.05121864638863349,0.0,0.0,train
AAPL,2023-01-03,0.9653222644327468,0.04614281844207335,0.0,0.0,train
AAPL,2023-02-01,7.671811997283097,0.12273092847336198,0.0,0.0,train
AAPL,2023-03-01,0.17104444822745432,0.03124694764389835,0.0,0.0,train
AAPL,2023-04-03,0.3297475838389356,0.012635081822004013,20.480434385974547,0.47141124875552687,train
AAPL,2023-05-01,4.529887756085399,0.1266983278730487,29.4196683070523,0.6724671259322896,train
AAPL,2023-06-01,24.996297185560493,0.4520880485856513,71.35333136041572,0.7135333136041573,train
AAPL,2023-07-03,21.29161732710032,0.23121594921467614,-0.5585453121019993,-0.011435976773170653,train
AAPL,2023-08-01,18.572428569075218,0.18572428569075217,-7.057020468667135,-0.494567872150648,train
MSFT,2023-01-03,6.743666302148313,0.21070408926330675,0.0,0.0,train
MSFT,2023-02-01,1.344471964297486,0.0662033049574986,0.0,0.0,train
MSFT,2023-03-01,8.643802696743807,0.2317858634349581,0.0,0.0,train
MSFT,2023-04-03,9.908144411414677,0.1451880139557311,17.25175867290256,0.17251758672902562,train
MSFT,2023-05-01,22.523023079322314,0.659147868367824,0.0,0.0,train
MSFT,2023-06-01,22.697936149073833,0.22780883693760057,-1.5303979999420203,-0.06387004701023902,train
MSFT,2023-07-03,14.2610304279856,0.19624868414572982,9.621096320328059,0.1972644751348398,train
MSFT,2023-08-01,14.803534840942776,0.3997589447815817,0.0,0.0,train
JPM,2023-01-03,8.427179801212311,0.09612084192097536,-2.703759352576253,-0.07400176407918369,train
JPM,2023-02-01,2.1967089867897065,0.025496563008253537,-1.4285508839802619,-0.014285508839802619,train
JPM,2023-03-01,4.345417782986804,0.16691472899869364,10.413451671781722,0.10788480383279131,train
JPM,2023-04-03,7.880867715299792,0.15709838650340568,-6.75239980650858,-0.34406004697159476,train
JPM,2023-05-01,13.099871089442328,0.22191313194549145,-6.468359971141942,-0.29849220082450123,train
JPM,2023-06-01,3.844875891542157,0.14540461417862804,0.0,0.0,train
JPM,2023-07-03,5.602544932549636,0.05602544932549636,10.60689287350223,0.24031905348075133,train
JPM,2023-08-01,19.27185240145848,0.2625127969846319,-9.30402254109981,-0.3109313438651852,train
XOM,2023-01-03,-0.10654232983353061,-0.008661795273717132,0.0,0.0,train
XOM,2023-02-01,0.6193543645068289,0.040628245588840484,0.0,0.0,train
XOM,2023-03-01,0.16058712479319967,0.006647168225270228,14.599034608128418,0.5002724572574269,train
XOM,2023-04-03,4.837151449679254,0.2158616347720217,10.463158902663887,0.23575709030632064,train
XOM,2023-05-01,1.678571931453508,0.04523805776771628,-10.307306250863252,-0.21046722289545694,train
XOM,2023-06-01,3.3855533140440763,0.14817502904496593,0.0,0.0,train
XOM,2023-07-03,2.3229234974651836,0.05374099624165507,-10.045266635188995,-0.4031981457698921,train
XOM,2023-08-01,0.013113584820200563,0.00135911680926748,1.723271547727341,0.05511639626793974,train
JNJ,2023-01-03,0.34744443791901325,0.024614230180706187,0.0,0.0,train
JNJ,2023-02-01,2.6695177884467065,0.051508768805166305,16.861186276765295,0.16861186276765294,train
JNJ,2023-03-01,1.5729914595346006,0.015729914595346006,1.8939774190751102,0.018939774190751102,train
JNJ,2023-04-03,7.051751746672541,0.07051751746672541,-12.16249130597024,-0.17358004014789086,train
JNJ,2023-05-01,-0.008479953893657818,-0.00022317105174129992,-0.9172000149785697,-0.009172000149785697,train
JNJ,2023-06-01,14.052656795713112,0.3062283640229264,17.831773866659052,0.26507854788554197,train
JNJ,2023-07-03,5.0172969235150395,0.05508876224471426,-2.889787384023114,-0.09743290130022231,train
JNJ,2023-08-01,4.961896813842983,0.06585535168146972,-10.202755576287691,-0.14715319194642262,train
WMT,2023-01-03,3.0511386259388704,0.048625395572502894,0.0,0.0,train
WMT,2023-02-01,-1.006148889766979,-0.10657342365500366,0.0,0.0,train
WMT,2023-03-01,-0.19731136035147792,-0.005907081348242804,11.814836368374525,0.11814836368374526,train
WMT,2023-04-03,7.352395804360418,0.10647215603841875,0.0,0.0,train
WMT,2023-05-01,5.217076179801405,0.13278948250973555,-10.172640915901859,-0.2339487126321027,train
WMT,2023-06-01,1.1983618939498812,0.03953096914135057,0.0,0.0,train
WMT,2023-07-03,6.742806606307412,0.12556335055199996,0.0,0.0,train
WMT,2023-08-01,9.756512083972613,0.09756512083972613,-9.794668391657634,-0.2231482032598353,train
AAPL,2023-09-01,14.319352401015161,0.14319352401015162,0.0,0.0,train
AAPL,2023-10-02,-500.57983540346214,-0.05263054576441195,0.0,0.0,train
AAPL,2023-11-01,1.2075249674443669,0.05498877902570576,0.0,0.0,train
AAPL,2023-12-01,6.334305600898744,0.14546006808155054,10.349523811653148,0.12167874496483311,train
MSFT,2023-09-01,13.009845614162096,0.13009845614162097,0.0,0.0,train
MSFT,2023-10-02,7.362587179022502,0.40498219618288434,0.0,0.0,train
MSFT,2023-11-01,8.227256031990327,0.19308757960920642,0.0,0.0,train
MSFT,2023-12-01,6.6981955804321265,0.13360619383503902,0.0,0.0,train
JPM,2023-09-01,6.526671111374052,0.13142671027821384,0.0,0.0,train
JPM,2023-10-02,4.24115763819049,0.07863975055983952,0.0,0.0,train
JPM,2023-11-01,3.90190286203192,0.14940248171234138,4.598295666675112,0.04598295666675112,train
JPM,2023-12-01,5.296027032230177,0.05296027032230177,16.790475806902805,0.16790475806902805,train
XOM,2023-09-01,5.466497709745371,0.20484732713205855,14.477048690392353,0.167579033684345,train
XOM,2023-10-02,2.363413119891645,0.0948730436507721,-9.374261556570598,-0.36755711764349885,train
XOM,2023-11-01,5.54754109939501,0.34386092534339463,15.278206471897237,0.15278206471897238,train
XOM,2023-12-01,2.784804309425112,0.044553772154274585,7.449665389051263,0.09916422683155979,train
JNJ,2023-09-01,0.5744912003481885,0.03671784656026622,0.0,0.0,train
JNJ,2023-10-02,2.8369277308303,0.037450012820626544,21.821519652589473,0.21821519652589472,train
JNJ,2023-11-01,10.550519969261398,0.12525867342483887,0.0,0.0,train
JNJ,2023-12-01,4.969599540392947,0.063533998018791,-3.1185737564085017,-0.10936655444618848,train
WMT,2023-09-01,0.9005214562387569,0.02870074284539892,0.0,0.0,train
WMT,2023-10-02,0.691148769811846,0.028763728622389406,-10.675634971401875,-0.14490024124111045,train
WMT,2023-11-01,-1.0249207630662376,-0.04779541900840312,0.0,0.0,train
WMT,2023-12-01,6.0259102807477465,0.147634697793402,0.0,0.0,train
